weather,base,visibility,dt,timezone,id,name,cod,location,state,data_type,coord.lon,coord.lat,main.temp,main.feels_like,main.temp_min,main.temp_max,main.pressure,main.humidity,main.sea_level,main.grnd_level,wind.speed,wind.deg,wind.gust,clouds.all,sys.country,sys.sunrise,sys.sunset,pop,dt_txt,main.temp_kf,sys.pod,rain.3h,weather_source,lat,lon,date_iso,date,value
"[{'id': 802, 'main': 'Clouds', 'description': 'scattered clouds', 'icon': '03n'}]",stations,10000.0,1759459192.0,-25200.0,5809844.0,Seattle,200.0,Seattle,WA,current,-122.3321,47.6062,15.52,14.98,15.52,15.52,1017.0,71.0,1017.0,1008.0,1.78,206.0,3.45,32.0,US,1759414204.0,1759456010.0,,,,,,openweather,,,,,
"[{'id': 802, 'main': 'Clouds', 'description': 'scattered clouds', 'icon': '03n'}]",,10000.0,1759460400.0,,,,,Seattle,WA,forecast,,,15.52,14.98,15.52,15.52,1017.0,71.0,1017.0,1008.0,1.78,206.0,3.45,32.0,,,,0.0,2025-10-03 03:00:00,0.0,n,,openweather,,,,,
"[{'id': 802, 'main': 'Clouds', 'description': 'scattered clouds', 'icon': '03n'}]",,10000.0,1759471200.0,,,,,Seattle,WA,forecast,,,15.32,14.84,14.93,15.32,1018.0,74.0,1018.0,1009.0,0.51,135.0,0.73,29.0,,,,0.0,2025-10-03 06:00:00,0.39,n,,openweather,,,,,
"[{'id': 801, 'main': 'Clouds', 'description': 'few clouds', 'icon': '02n'}]",,10000.0,1759482000.0,,,,,Seattle,WA,forecast,,,14.12,13.73,13.42,14.12,1018.0,82.0,1018.0,1009.0,0.68,200.0,1.1,13.0,,,,0.0,2025-10-03 09:00:00,0.7,n,,openweather,,,,,
"[{'id': 800, 'main': 'Clear', 'description': 'clear sky', 'icon': '01n'}]",,10000.0,1759492800.0,,,,,Seattle,WA,forecast,,,13.59,13.35,13.59,13.59,1019.0,90.0,1019.0,1010.0,0.55,134.0,0.69,1.0,,,,0.0,2025-10-03 12:00:00,0.0,n,,openweather,,,,,
"[{'id': 800, 'main': 'Clear', 'description': 'clear sky', 'icon': '01d'}]",,10000.0,1759503600.0,,,,,Seattle,WA,forecast,,,12.36,12.0,12.36,12.36,1021.0,90.0,1021.0,1011.0,0.74,177.0,1.3,3.0,,,,0.0,2025-10-03 15:00:00,0.0,d,,openweather,,,,,
"[{'id': 800, 'main': 'Clear', 'description': 'clear sky', 'icon': '01d'}]",,10000.0,1759514400.0,,,,,Seattle,WA,forecast,,,15.96,15.23,15.96,15.96,1020.0,62.0,1020.0,1010.0,1.55,205.0,1.84,2.0,,,,0.0,2025-10-03 18:00:00,0.0,d,,openweather,,,,,
"[{'id': 802, 'main': 'Clouds', 'description': 'scattered clouds', 'icon': '03d'}]",,10000.0,1759525200.0,,,,,Seattle,WA,forecast,,,19.97,19.25,19.97,19.97,1019.0,47.0,1019.0,1009.0,1.61,230.0,1.74,39.0,,,,0.0,2025-10-03 21:00:00,0.0,d,,openweather,,,,,
"[{'id': 803, 'main': 'Clouds', 'description': 'broken clouds', 'icon': '04d'}]",,10000.0,1759536000.0,,,,,Seattle,WA,forecast,,,19.62,18.89,19.62,19.62,1018.0,48.0,1018.0,1008.0,1.13,284.0,1.38,56.0,,,,0.0,2025-10-04 00:00:00,0.0,d,,openweather,,,,,
"[{'id': 803, 'main': 'Clouds', 'description': 'broken clouds', 'icon': '04n'}]",,10000.0,1759546800.0,,,,,Seattle,WA,forecast,,,15.4,14.69,15.4,15.4,1018.0,65.0,1018.0,1009.0,1.56,6.0,2.93,76.0,,,,0.0,2025-10-04 03:00:00,0.0,n,,openweather,,,,,
"[{'id': 804, 'main': 'Clouds', 'description': 'overcast clouds', 'icon': '04n'}]",,10000.0,1759557600.0,,,,,Seattle,WA,forecast,,,15.28,14.56,15.28,15.28,1019.0,65.0,1019.0,1009.0,0.74,47.0,2.35,88.0,,,,0.0,2025-10-04 06:00:00,0.0,n,,openweather,,,,,
"[{'id': 804, 'main': 'Clouds', 'description': 'overcast clouds', 'icon': '04n'}]",,10000.0,1759568400.0,,,,,Seattle,WA,forecast,,,14.1,13.58,14.1,14.1,1019.0,77.0,1019.0,1009.0,1.33,119.0,1.75,100.0,,,,0.0,2025-10-04 09:00:00,0.0,n,,openweather,,,,,
"[{'id': 804, 'main': 'Clouds', 'description': 'overcast clouds', 'icon': '04n'}]",,10000.0,1759579200.0,,,,,Seattle,WA,forecast,,,12.91,12.5,12.91,12.91,1019.0,86.0,1019.0,1009.0,0.87,109.0,1.8,100.0,,,,0.0,2025-10-04 12:00:00,0.0,n,,openweather,,,,,
"[{'id': 804, 'main': 'Clouds', 'description': 'overcast clouds', 'icon': '04d'}]",,10000.0,1759590000.0,,,,,Seattle,WA,forecast,,,13.02,12.6,13.02,13.02,1019.0,85.0,1019.0,1009.0,0.97,45.0,1.52,86.0,,,,0.0,2025-10-04 15:00:00,0.0,d,,openweather,,,,,
"[{'id': 804, 'main': 'Clouds', 'description': 'overcast clouds', 'icon': '04d'}]",,10000.0,1759600800.0,,,,,Seattle,WA,forecast,,,15.39,14.86,15.39,15.39,1019.0,72.0,1019.0,1010.0,1.49,78.0,0.7,90.0,,,,0.0,2025-10-04 18:00:00,0.0,d,,openweather,,,,,
"[{'id': 500, 'main': 'Rain', 'description': 'light rain', 'icon': '10d'}]",,10000.0,1759611600.0,,,,,Seattle,WA,forecast,,,17.71,17.05,17.71,17.71,1018.0,58.0,1018.0,1009.0,1.31,20.0,1.42,99.0,,,,0.2,2025-10-04 21:00:00,0.0,d,0.17,openweather,,,,,
"[{'id': 804, 'main': 'Clouds', 'description': 'overcast clouds', 'icon': '04d'}]",,10000.0,1759622400.0,,,,,Seattle,WA,forecast,,,17.44,16.7,17.44,17.44,1018.0,56.0,1018.0,1008.0,1.47,342.0,1.86,99.0,,,,0.0,2025-10-05 00:00:00,0.0,d,,openweather,,,,,
"[{'id': 802, 'main': 'Clouds', 'description': 'scattered clouds', 'icon': '03n'}]",,10000.0,1759633200.0,,,,,Seattle,WA,forecast,,,12.57,11.97,12.57,12.57,1018.0,80.0,1018.0,1009.0,1.83,355.0,2.69,41.0,,,,0.0,2025-10-05 03:00:00,0.0,n,,openweather,,,,,
"[{'id': 802, 'main': 'Clouds', 'description': 'scattered clouds', 'icon': '03n'}]",,10000.0,1759644000.0,,,,,Seattle,WA,forecast,,,11.6,11.04,11.6,11.6,1019.0,85.0,1019.0,1009.0,1.67,10.0,2.65,40.0,,,,0.0,2025-10-05 06:00:00,0.0,n,,openweather,,,,,
"[{'id': 804, 'main': 'Clouds', 'description': 'overcast clouds', 'icon': '04n'}]",,10000.0,1759654800.0,,,,,Seattle,WA,forecast,,,10.64,10.08,10.64,10.64,1019.0,89.0,1019.0,1009.0,1.7,12.0,3.49,92.0,,,,0.0,2025-10-05 09:00:00,0.0,n,,openweather,,,,,
"[{'id': 804, 'main': 'Clouds', 'description': 'overcast clouds', 'icon': '04n'}]",,10000.0,1759665600.0,,,,,Seattle,WA,forecast,,,9.98,9.53,9.98,9.98,1019.0,91.0,1019.0,1009.0,1.6,32.0,3.56,92.0,,,,0.0,2025-10-05 12:00:00,0.0,n,,openweather,,,,,
"[{'id': 801, 'main': 'Clouds', 'description': 'few clouds', 'icon': '02d'}]",,10000.0,1759676400.0,,,,,Seattle,WA,forecast,,,9.99,9.26,9.99,9.99,1019.0,90.0,1019.0,1009.0,1.9,26.0,6.23,13.0,,,,0.0,2025-10-05 15:00:00,0.0,d,,openweather,,,,,
"[{'id': 801, 'main': 'Clouds', 'description': 'few clouds', 'icon': '02d'}]",,10000.0,1759687200.0,,,,,Seattle,WA,forecast,,,15.26,14.62,15.26,15.26,1019.0,68.0,1019.0,1010.0,3.56,6.0,5.32,17.0,,,,0.0,2025-10-05 18:00:00,0.0,d,,openweather,,,,,
"[{'id': 800, 'main': 'Clear', 'description': 'clear sky', 'icon': '01d'}]",,10000.0,1759698000.0,,,,,Seattle,WA,forecast,,,17.7,16.86,17.7,17.7,1018.0,51.0,1018.0,1008.0,3.65,350.0,4.6,7.0,,,,0.0,2025-10-05 21:00:00,0.0,d,,openweather,,,,,
"[{'id': 800, 'main': 'Clear', 'description': 'clear sky', 'icon': '01d'}]",,10000.0,1759708800.0,,,,,Seattle,WA,forecast,,,17.09,16.16,17.09,17.09,1017.0,50.0,1017.0,1007.0,3.33,347.0,4.85,3.0,,,,0.0,2025-10-06 00:00:00,0.0,d,,openweather,,,,,
"[{'id': 800, 'main': 'Clear', 'description': 'clear sky', 'icon': '01n'}]",,10000.0,1759719600.0,,,,,Seattle,WA,forecast,,,12.67,11.79,12.67,12.67,1017.0,69.0,1017.0,1007.0,2.03,18.0,4.12,0.0,,,,0.0,2025-10-06 03:00:00,0.0,n,,openweather,,,,,
"[{'id': 800, 'main': 'Clear', 'description': 'clear sky', 'icon': '01n'}]",,10000.0,1759730400.0,,,,,Seattle,WA,forecast,,,11.26,10.4,11.26,11.26,1018.0,75.0,1018.0,1008.0,1.4,24.0,1.53,2.0,,,,0.0,2025-10-06 06:00:00,0.0,n,,openweather,,,,,
"[{'id': 801, 'main': 'Clouds', 'description': 'few clouds', 'icon': '02n'}]",,10000.0,1759741200.0,,,,,Seattle,WA,forecast,,,10.23,9.4,10.23,10.23,1018.0,80.0,1018.0,1008.0,1.09,28.0,1.04,11.0,,,,0.0,2025-10-06 09:00:00,0.0,n,,openweather,,,,,
"[{'id': 800, 'main': 'Clear', 'description': 'clear sky', 'icon': '01n'}]",,10000.0,1759752000.0,,,,,Seattle,WA,forecast,,,9.58,9.25,9.58,9.58,1018.0,86.0,1018.0,1008.0,1.43,18.0,1.39,7.0,,,,0.0,2025-10-06 12:00:00,0.0,n,,openweather,,,,,
"[{'id': 801, 'main': 'Clouds', 'description': 'few clouds', 'icon': '02d'}]",,10000.0,1759762800.0,,,,,Seattle,WA,forecast,,,9.66,9.66,9.66,9.66,1018.0,78.0,1018.0,1009.0,0.98,16.0,1.19,12.0,,,,0.0,2025-10-06 15:00:00,0.0,d,,openweather,,,,,
"[{'id': 801, 'main': 'Clouds', 'description': 'few clouds', 'icon': '02d'}]",,10000.0,1759773600.0,,,,,Seattle,WA,forecast,,,16.92,15.79,16.92,16.92,1019.0,43.0,1019.0,1009.0,1.6,1.0,2.0,21.0,,,,0.0,2025-10-06 18:00:00,0.0,d,,openweather,,,,,
"[{'id': 803, 'main': 'Clouds', 'description': 'broken clouds', 'icon': '04d'}]",,10000.0,1759784400.0,,,,,Seattle,WA,forecast,,,20.44,19.27,20.44,20.44,1017.0,28.0,1017.0,1008.0,2.13,343.0,2.31,67.0,,,,0.0,2025-10-06 21:00:00,0.0,d,,openweather,,,,,
"[{'id': 803, 'main': 'Clouds', 'description': 'broken clouds', 'icon': '04d'}]",,10000.0,1759795200.0,,,,,Seattle,WA,forecast,,,19.81,18.73,19.81,19.81,1016.0,34.0,1016.0,1007.0,2.8,345.0,3.99,53.0,,,,0.0,2025-10-07 00:00:00,0.0,d,,openweather,,,,,
"[{'id': 800, 'main': 'Clear', 'description': 'clear sky', 'icon': '01n'}]",,10000.0,1759806000.0,,,,,Seattle,WA,forecast,,,13.44,12.17,13.44,13.44,1017.0,51.0,1017.0,1007.0,2.35,5.0,4.57,6.0,,,,0.0,2025-10-07 03:00:00,0.0,n,,openweather,,,,,
"[{'id': 800, 'main': 'Clear', 'description': 'clear sky', 'icon': '01n'}]",,10000.0,1759816800.0,,,,,Seattle,WA,forecast,,,11.65,10.31,11.65,11.65,1017.0,55.0,1017.0,1007.0,1.74,14.0,2.32,5.0,,,,0.0,2025-10-07 06:00:00,0.0,n,,openweather,,,,,
"[{'id': 800, 'main': 'Clear', 'description': 'clear sky', 'icon': '01n'}]",,10000.0,1759827600.0,,,,,Seattle,WA,forecast,,,10.74,9.46,10.74,10.74,1017.0,61.0,1017.0,1007.0,1.24,24.0,1.23,0.0,,,,0.0,2025-10-07 09:00:00,0.0,n,,openweather,,,,,
"[{'id': 800, 'main': 'Clear', 'description': 'clear sky', 'icon': '01n'}]",,10000.0,1759838400.0,,,,,Seattle,WA,forecast,,,9.83,9.83,9.83,9.83,1017.0,65.0,1017.0,1007.0,1.26,22.0,1.28,0.0,,,,0.0,2025-10-07 12:00:00,0.0,n,,openweather,,,,,
"[{'id': 800, 'main': 'Clear', 'description': 'clear sky', 'icon': '01d'}]",,10000.0,1759849200.0,,,,,Seattle,WA,forecast,,,9.97,9.97,9.97,9.97,1016.0,63.0,1016.0,1007.0,1.13,33.0,1.3,0.0,,,,0.0,2025-10-07 15:00:00,0.0,d,,openweather,,,,,
"[{'id': 800, 'main': 'Clear', 'description': 'clear sky', 'icon': '01d'}]",,10000.0,1759860000.0,,,,,Seattle,WA,forecast,,,17.82,16.57,17.82,17.82,1016.0,35.0,1016.0,1006.0,1.25,6.0,1.37,0.0,,,,0.0,2025-10-07 18:00:00,0.0,d,,openweather,,,,,
"[{'id': 800, 'main': 'Clear', 'description': 'clear sky', 'icon': '01d'}]",,10000.0,1759870800.0,,,,,Seattle,WA,forecast,,,22.7,21.65,22.7,22.7,1014.0,24.0,1014.0,1004.0,1.56,346.0,1.47,0.0,,,,0.0,2025-10-07 21:00:00,0.0,d,,openweather,,,,,
"[{'id': 800, 'main': 'Clear', 'description': 'clear sky', 'icon': '01d'}]",,10000.0,1759881600.0,,,,,Seattle,WA,forecast,,,21.44,20.45,21.44,21.44,1013.0,31.0,1013.0,1003.0,2.1,331.0,2.86,0.0,,,,0.0,2025-10-08 00:00:00,0.0,d,,openweather,,,,,
"[{'id': 804, 'main': 'Clouds', 'description': 'overcast clouds', 'icon': '04n'}]",stations,10000.0,1759458589.0,-14400.0,5128581.0,New York,200.0,New York,NY,current,-74.006,40.7127,14.34,13.58,14.34,14.34,1031.0,67.0,1031.0,1030.0,3.22,160.0,3.48,99.0,US,1759402417.0,1759444605.0,,,,,,openweather,,,,,
"[{'id': 804, 'main': 'Clouds', 'description': 'overcast clouds', 'icon': '04n'}]",,10000.0,1759460400.0,,,,,New York,NY,forecast,,,14.41,13.55,14.41,14.41,1031.0,63.0,1031.0,1030.0,2.92,168.0,3.53,99.0,,,,0.0,2025-10-03 03:00:00,0.0,n,,openweather,,,,,
"[{'id': 804, 'main': 'Clouds', 'description': 'overcast clouds', 'icon': '04n'}]",,10000.0,1759471200.0,,,,,New York,NY,forecast,,,14.56,13.69,14.56,14.87,1031.0,62.0,1031.0,1029.0,2.25,214.0,3.55,98.0,,,,0.0,2025-10-03 06:00:00,-0.31,n,,openweather,,,,,
"[{'id': 804, 'main': 'Clouds', 'description': 'overcast clouds', 'icon': '04n'}]",,10000.0,1759482000.0,,,,,New York,NY,forecast,,,14.08,13.16,13.91,14.08,1030.0,62.0,1030.0,1028.0,2.4,270.0,3.17,100.0,,,,0.0,2025-10-03 09:00:00,0.17,n,,openweather,,,,,
"[{'id': 804, 'main': 'Clouds', 'description': 'overcast clouds', 'icon': '04d'}]",,10000.0,1759492800.0,,,,,New York,NY,forecast,,,14.82,13.92,14.82,14.82,1030.0,60.0,1030.0,1029.0,2.01,265.0,2.65,89.0,,,,0.0,2025-10-03 12:00:00,0.0,d,,openweather,,,,,
"[{'id': 803, 'main': 'Clouds', 'description': 'broken clouds', 'icon': '04d'}]",,10000.0,1759503600.0,,,,,New York,NY,forecast,,,18.49,17.54,18.49,18.49,1030.0,44.0,1030.0,1028.0,2.81,239.0,3.42,74.0,,,,0.0,2025-10-03 15:00:00,0.0,d,,openweather,,,,,
"[{'id': 802, 'main': 'Clouds', 'description': 'scattered clouds', 'icon': '03d'}]",,10000.0,1759514400.0,,,,,New York,NY,forecast,,,21.36,20.44,21.36,21.36,1027.0,34.0,1027.0,1025.0,3.29,211.0,4.28,44.0,,,,0.0,2025-10-03 18:00:00,0.0,d,,openweather,,,,,
"[{'id': 800, 'main': 'Clear', 'description': 'clear sky', 'icon': '01d'}]",,10000.0,1759525200.0,,,,,New York,NY,forecast,,,21.81,21.04,21.81,21.81,1025.0,38.0,1025.0,1023.0,3.4,184.0,4.29,0.0,,,,0.0,2025-10-03 21:00:00,0.0,d,,openweather,,,,,
"[{'id': 800, 'main': 'Clear', 'description': 'clear sky', 'icon': '01n'}]",,10000.0,1759536000.0,,,,,New York,NY,forecast,,,20.62,19.91,20.62,20.62,1025.0,45.0,1025.0,1023.0,1.81,212.0,3.39,3.0,,,,0.0,2025-10-04 00:00:00,0.0,n,,openweather,,,,,
"[{'id': 801, 'main': 'Clouds', 'description': 'few clouds', 'icon': '02n'}]",,10000.0,1759546800.0,,,,,New York,NY,forecast,,,18.8,18.15,18.8,18.8,1025.0,54.0,1025.0,1023.0,3.3,238.0,6.33,11.0,,,,0.0,2025-10-04 03:00:00,0.0,n,,openweather,,,,,
"[{'id': 800, 'main': 'Clear', 'description': 'clear sky', 'icon': '01n'}]",,10000.0,1759557600.0,,,,,New York,NY,forecast,,,17.47,16.84,17.47,17.47,1024.0,60.0,1024.0,1023.0,3.82,253.0,7.92,5.0,,,,0.0,2025-10-04 06:00:00,0.0,n,,openweather,,,,,
"[{'id': 800, 'main': 'Clear', 'description': 'clear sky', 'icon': '01n'}]",,10000.0,1759568400.0,,,,,New York,NY,forecast,,,16.51,15.89,16.51,16.51,1024.0,64.0,1024.0,1022.0,3.57,255.0,6.56,0.0,,,,0.0,2025-10-04 09:00:00,0.0,n,,openweather,,,,,
"[{'id': 800, 'main': 'Clear', 'description': 'clear sky', 'icon': '01d'}]",,10000.0,1759579200.0,,,,,New York,NY,forecast,,,16.63,16.05,16.63,16.63,1024.0,65.0,1024.0,1023.0,3.16,264.0,4.6,0.0,,,,0.0,2025-10-04 12:00:00,0.0,d,,openweather,,,,,
"[{'id': 800, 'main': 'Clear', 'description': 'clear sky', 'icon': '01d'}]",,10000.0,1759590000.0,,,,,New York,NY,forecast,,,21.76,21.19,21.76,21.76,1024.0,46.0,1024.0,1023.0,2.4,278.0,3.35,3.0,,,,0.0,2025-10-04 15:00:00,0.0,d,,openweather,,,,,
"[{'id': 800, 'main': 'Clear', 'description': 'clear sky', 'icon': '01d'}]",,10000.0,1759600800.0,,,,,New York,NY,forecast,,,25.95,25.95,25.95,25.95,1022.0,38.0,1022.0,1021.0,1.27,232.0,2.26,4.0,,,,0.0,2025-10-04 18:00:00,0.0,d,,openweather,,,,,
"[{'id': 800, 'main': 'Clear', 'description': 'clear sky', 'icon': '01d'}]",,10000.0,1759611600.0,,,,,New York,NY,forecast,,,25.36,25.07,25.36,25.36,1022.0,43.0,1022.0,1020.0,4.25,172.0,3.86,9.0,,,,0.0,2025-10-04 21:00:00,0.0,d,,openweather,,,,,
"[{'id': 801, 'main': 'Clouds', 'description': 'few clouds', 'icon': '02n'}]",,10000.0,1759622400.0,,,,,New York,NY,forecast,,,23.05,22.93,23.05,23.05,1022.0,58.0,1022.0,1021.0,1.34,187.0,1.89,16.0,,,,0.0,2025-10-05 00:00:00,0.0,n,,openweather,,,,,
"[{'id': 803, 'main': 'Clouds', 'description': 'broken clouds', 'icon': '04n'}]",,10000.0,1759633200.0,,,,,New York,NY,forecast,,,22.08,21.73,22.08,22.08,1023.0,53.0,1023.0,1022.0,2.23,258.0,2.47,69.0,,,,0.0,2025-10-05 03:00:00,0.0,n,,openweather,,,,,
"[{'id': 802, 'main': 'Clouds', 'description': 'scattered clouds', 'icon': '03n'}]",,10000.0,1759644000.0,,,,,New York,NY,forecast,,,20.39,20.0,20.39,20.39,1024.0,58.0,1024.0,1022.0,2.87,249.0,4.44,50.0,,,,0.0,2025-10-05 06:00:00,0.0,n,,openweather,,,,,
"[{'id': 800, 'main': 'Clear', 'description': 'clear sky', 'icon': '01n'}]",,10000.0,1759654800.0,,,,,New York,NY,forecast,,,19.29,18.89,19.29,19.29,1024.0,62.0,1024.0,1023.0,2.38,260.0,3.16,5.0,,,,0.0,2025-10-05 09:00:00,0.0,n,,openweather,,,,,
"[{'id': 800, 'main': 'Clear', 'description': 'clear sky', 'icon': '01d'}]",,10000.0,1759665600.0,,,,,New York,NY,forecast,,,19.4,18.96,19.4,19.4,1026.0,60.0,1026.0,1024.0,1.62,272.0,1.96,4.0,,,,0.0,2025-10-05 12:00:00,0.0,d,,openweather,,,,,
"[{'id': 800, 'main': 'Clear', 'description': 'clear sky', 'icon': '01d'}]",,10000.0,1759676400.0,,,,,New York,NY,forecast,,,23.8,23.41,23.8,23.8,1026.0,45.0,1026.0,1025.0,1.92,240.0,2.37,0.0,,,,0.0,2025-10-05 15:00:00,0.0,d,,openweather,,,,,
"[{'id': 800, 'main': 'Clear', 'description': 'clear sky', 'icon': '01d'}]",,10000.0,1759687200.0,,,,,New York,NY,forecast,,,26.28,26.28,26.28,26.28,1025.0,38.0,1025.0,1023.0,3.48,180.0,3.76,0.0,,,,0.0,2025-10-05 18:00:00,0.0,d,,openweather,,,,,
"[{'id': 800, 'main': 'Clear', 'description': 'clear sky', 'icon': '01d'}]",,10000.0,1759698000.0,,,,,New York,NY,forecast,,,24.53,24.27,24.53,24.53,1024.0,47.0,1024.0,1023.0,5.02,156.0,5.16,0.0,,,,0.0,2025-10-05 21:00:00,0.0,d,,openweather,,,,,
"[{'id': 800, 'main': 'Clear', 'description': 'clear sky', 'icon': '01n'}]",,10000.0,1759708800.0,,,,,New York,NY,forecast,,,22.23,22.15,22.23,22.23,1025.0,63.0,1025.0,1023.0,4.6,175.0,7.81,0.0,,,,0.0,2025-10-06 00:00:00,0.0,n,,openweather,,,,,
"[{'id': 800, 'main': 'Clear', 'description': 'clear sky', 'icon': '01n'}]",,10000.0,1759719600.0,,,,,New York,NY,forecast,,,20.89,20.65,20.89,20.89,1025.0,62.0,1025.0,1024.0,3.45,212.0,7.52,0.0,,,,0.0,2025-10-06 03:00:00,0.0,n,,openweather,,,,,
"[{'id': 800, 'main': 'Clear', 'description': 'clear sky', 'icon': '01n'}]",,10000.0,1759730400.0,,,,,New York,NY,forecast,,,19.62,19.26,19.62,19.62,1026.0,62.0,1026.0,1024.0,3.05,226.0,5.93,0.0,,,,0.0,2025-10-06 06:00:00,0.0,n,,openweather,,,,,
"[{'id': 800, 'main': 'Clear', 'description': 'clear sky', 'icon': '01n'}]",,10000.0,1759741200.0,,,,,New York,NY,forecast,,,18.54,18.17,18.54,18.54,1026.0,66.0,1026.0,1024.0,2.33,229.0,4.28,0.0,,,,0.0,2025-10-06 09:00:00,0.0,n,,openweather,,,,,
"[{'id': 800, 'main': 'Clear', 'description': 'clear sky', 'icon': '01d'}]",,10000.0,1759752000.0,,,,,New York,NY,forecast,,,18.47,18.12,18.47,18.47,1026.0,67.0,1026.0,1025.0,2.73,241.0,4.15,0.0,,,,0.0,2025-10-06 12:00:00,0.0,d,,openweather,,,,,
"[{'id': 800, 'main': 'Clear', 'description': 'clear sky', 'icon': '01d'}]",,10000.0,1759762800.0,,,,,New York,NY,forecast,,,22.8,22.31,22.8,22.8,1026.0,45.0,1026.0,1025.0,3.25,232.0,4.6,0.0,,,,0.0,2025-10-06 15:00:00,0.0,d,,openweather,,,,,
"[{'id': 800, 'main': 'Clear', 'description': 'clear sky', 'icon': '01d'}]",,10000.0,1759773600.0,,,,,New York,NY,forecast,,,25.65,25.32,25.65,25.65,1025.0,40.0,1025.0,1023.0,3.64,190.0,4.91,0.0,,,,0.0,2025-10-06 18:00:00,0.0,d,,openweather,,,,,
"[{'id': 800, 'main': 'Clear', 'description': 'clear sky', 'icon': '01d'}]",,10000.0,1759784400.0,,,,,New York,NY,forecast,,,23.27,23.06,23.27,23.27,1024.0,54.0,1024.0,1022.0,5.55,157.0,5.71,0.0,,,,0.0,2025-10-06 21:00:00,0.0,d,,openweather,,,,,
"[{'id': 800, 'main': 'Clear', 'description': 'clear sky', 'icon': '01n'}]",,10000.0,1759795200.0,,,,,New York,NY,forecast,,,22.09,22.05,22.09,22.09,1024.0,65.0,1024.0,1023.0,3.9,177.0,6.04,0.0,,,,0.0,2025-10-07 00:00:00,0.0,n,,openweather,,,,,
"[{'id': 800, 'main': 'Clear', 'description': 'clear sky', 'icon': '01n'}]",,10000.0,1759806000.0,,,,,New York,NY,forecast,,,20.82,20.58,20.82,20.82,1024.0,62.0,1024.0,1023.0,4.64,219.0,8.95,0.0,,,,0.0,2025-10-07 03:00:00,0.0,n,,openweather,,,,,
"[{'id': 800, 'main': 'Clear', 'description': 'clear sky', 'icon': '01n'}]",,10000.0,1759816800.0,,,,,New York,NY,forecast,,,19.65,19.45,19.65,19.65,1024.0,68.0,1024.0,1023.0,3.5,231.0,7.85,0.0,,,,0.0,2025-10-07 06:00:00,0.0,n,,openweather,,,,,
"[{'id': 802, 'main': 'Clouds', 'description': 'scattered clouds', 'icon': '03n'}]",,10000.0,1759827600.0,,,,,New York,NY,forecast,,,18.9,18.73,18.9,18.9,1024.0,72.0,1024.0,1022.0,3.11,241.0,8.29,35.0,,,,0.0,2025-10-07 09:00:00,0.0,n,,openweather,,,,,
"[{'id': 803, 'main': 'Clouds', 'description': 'broken clouds', 'icon': '04d'}]",,10000.0,1759838400.0,,,,,New York,NY,forecast,,,18.83,18.81,18.83,18.83,1024.0,78.0,1024.0,1022.0,3.31,228.0,6.82,67.0,,,,0.0,2025-10-07 12:00:00,0.0,d,,openweather,,,,,
"[{'id': 804, 'main': 'Clouds', 'description': 'overcast clouds', 'icon': '04d'}]",,10000.0,1759849200.0,,,,,New York,NY,forecast,,,22.85,22.97,22.85,22.85,1024.0,68.0,1024.0,1022.0,4.05,212.0,6.54,100.0,,,,0.0,2025-10-07 15:00:00,0.0,d,,openweather,,,,,
"[{'id': 803, 'main': 'Clouds', 'description': 'broken clouds', 'icon': '04d'}]",,10000.0,1759860000.0,,,,,New York,NY,forecast,,,26.86,27.29,26.86,26.86,1021.0,50.0,1021.0,1019.0,4.88,205.0,6.73,84.0,,,,0.0,2025-10-07 18:00:00,0.0,d,,openweather,,,,,
"[{'id': 803, 'main': 'Clouds', 'description': 'broken clouds', 'icon': '04d'}]",,10000.0,1759870800.0,,,,,New York,NY,forecast,,,27.19,27.47,27.19,27.19,1019.0,48.0,1019.0,1018.0,4.09,235.0,6.41,58.0,,,,0.0,2025-10-07 21:00:00,0.0,d,,openweather,,,,,
"[{'id': 803, 'main': 'Clouds', 'description': 'broken clouds', 'icon': '04n'}]",,10000.0,1759881600.0,,,,,New York,NY,forecast,,,24.23,24.33,24.23,24.23,1020.0,62.0,1020.0,1019.0,6.24,202.0,9.87,79.0,,,,0.0,2025-10-08 00:00:00,0.0,n,,openweather,,,,,
"[{'id': 800, 'main': 'Clear', 'description': 'clear sky', 'icon': '01n'}]",stations,10000.0,1759459049.0,-25200.0,5368361.0,Los Angeles,200.0,Los Angeles,CA,current,-118.2437,34.0522,20.94,20.94,20.94,20.94,1015.0,71.0,1015.0,995.0,2.79,216.0,3.21,2.0,US,1759412897.0,1759455355.0,,,,,,openweather,,,,,
"[{'id': 800, 'main': 'Clear', 'description': 'clear sky', 'icon': '01n'}]",,10000.0,1759460400.0,,,,,Los Angeles,CA,forecast,,,21.17,21.17,21.17,21.17,1014.0,70.0,1014.0,995.0,2.79,216.0,3.21,2.0,,,,0.0,2025-10-03 03:00:00,0.0,n,,openweather,,,,,
"[{'id': 800, 'main': 'Clear', 'description': 'clear sky', 'icon': '01n'}]",,10000.0,1759471200.0,,,,,Los Angeles,CA,forecast,,,20.31,20.28,18.58,20.31,1014.0,72.0,1014.0,996.0,1.72,203.0,2.09,2.0,,,,0.0,2025-10-03 06:00:00,1.73,n,,openweather,,,,,
"[{'id': 802, 'main': 'Clouds', 'description': 'scattered clouds', 'icon': '03n'}]",,10000.0,1759482000.0,,,,,Los Angeles,CA,forecast,,,18.34,18.24,16.92,18.34,1015.0,77.0,1015.0,996.0,1.93,143.0,2.4,44.0,,,,0.0,2025-10-03 09:00:00,1.42,n,,openweather,,,,,
"[{'id': 500, 'main': 'Rain', 'description': 'light rain', 'icon': '10n'}]",,10000.0,1759492800.0,,,,,Los Angeles,CA,forecast,,,16.54,16.36,16.54,16.54,1015.0,81.0,1015.0,995.0,1.9,149.0,1.97,84.0,,,,0.2,2025-10-03 12:00:00,0.0,n,0.13,openweather,,,,,
"[{'id': 500, 'main': 'Rain', 'description': 'light rain', 'icon': '10d'}]",,10000.0,1759503600.0,,,,,Los Angeles,CA,forecast,,,18.69,18.76,18.69,18.69,1015.0,82.0,1015.0,996.0,2.87,170.0,3.3,88.0,,,,0.2,2025-10-03 15:00:00,0.0,d,0.21,openweather,,,,,
"[{'id': 500, 'main': 'Rain', 'description': 'light rain', 'icon': '10d'}]",,10000.0,1759514400.0,,,,,Los Angeles,CA,forecast,,,22.52,22.6,22.52,22.52,1016.0,68.0,1016.0,996.0,2.39,167.0,2.23,97.0,,,,0.2,2025-10-03 18:00:00,0.0,d,0.16,openweather,,,,,
"[{'id': 802, 'main': 'Clouds', 'description': 'scattered clouds', 'icon': '03d'}]",,10000.0,1759525200.0,,,,,Los Angeles,CA,forecast,,,23.84,23.48,23.84,23.84,1014.0,46.0,1014.0,995.0,3.84,215.0,2.86,34.0,,,,0.0,2025-10-03 21:00:00,0.0,d,,openweather,,,,,
"[{'id': 801, 'main': 'Clouds', 'description': 'few clouds', 'icon': '02d'}]",,10000.0,1759536000.0,,,,,Los Angeles,CA,forecast,,,23.11,22.65,23.11,23.11,1012.0,45.0,1012.0,993.0,4.68,236.0,4.05,18.0,,,,0.0,2025-10-04 00:00:00,0.0,d,,openweather,,,,,
"[{'id': 800, 'main': 'Clear', 'description': 'clear sky', 'icon': '01n'}]",,10000.0,1759546800.0,,,,,Los Angeles,CA,forecast,,,20.78,20.32,20.78,20.78,1013.0,54.0,1013.0,994.0,3.06,229.0,3.09,10.0,,,,0.0,2025-10-04 03:00:00,0.0,n,,openweather,,,,,
"[{'id': 800, 'main': 'Clear', 'description': 'clear sky', 'icon': '01n'}]",,10000.0,1759557600.0,,,,,Los Angeles,CA,forecast,,,20.54,19.96,20.54,20.54,1013.0,50.0,1013.0,994.0,1.85,89.0,3.39,5.0,,,,0.0,2025-10-04 06:00:00,0.0,n,,openweather,,,,,
"[{'id': 800, 'main': 'Clear', 'description': 'clear sky', 'icon': '01n'}]",,10000.0,1759568400.0,,,,,Los Angeles,CA,forecast,,,19.13,18.59,19.13,19.13,1013.0,57.0,1013.0,994.0,2.22,119.0,3.04,0.0,,,,0.0,2025-10-04 09:00:00,0.0,n,,openweather,,,,,
"[{'id': 800, 'main': 'Clear', 'description': 'clear sky', 'icon': '01n'}]",,10000.0,1759579200.0,,,,,Los Angeles,CA,forecast,,,18.04,17.57,18.04,18.04,1013.0,64.0,1013.0,993.0,2.11,173.0,2.57,0.0,,,,0.0,2025-10-04 12:00:00,0.0,n,,openweather,,,,,
"[{'id': 800, 'main': 'Clear', 'description': 'clear sky', 'icon': '01d'}]",,10000.0,1759590000.0,,,,,Los Angeles,CA,forecast,,,18.03,17.64,18.03,18.03,1014.0,67.0,1014.0,994.0,1.91,176.0,1.68,0.0,,,,0.0,2025-10-04 15:00:00,0.0,d,,openweather,,,,,
"[{'id': 800, 'main': 'Clear', 'description': 'clear sky', 'icon': '01d'}]",,10000.0,1759600800.0,,,,,Los Angeles,CA,forecast,,,21.38,20.85,21.38,21.38,1014.0,49.0,1014.0,995.0,1.36,252.0,0.92,0.0,,,,0.0,2025-10-04 18:00:00,0.0,d,,openweather,,,,,
"[{'id': 800, 'main': 'Clear', 'description': 'clear sky', 'icon': '01d'}]",,10000.0,1759611600.0,,,,,Los Angeles,CA,forecast,,,25.57,24.97,25.57,25.57,1010.0,30.0,1010.0,991.0,3.46,247.0,2.5,0.0,,,,0.0,2025-10-04 21:00:00,0.0,d,,openweather,,,,,
"[{'id': 800, 'main': 'Clear', 'description': 'clear sky', 'icon': '01d'}]",,10000.0,1759622400.0,,,,,Los Angeles,CA,forecast,,,22.28,21.79,22.28,22.28,1009.0,47.0,1009.0,990.0,5.2,235.0,4.71,0.0,,,,0.0,2025-10-05 00:00:00,0.0,d,,openweather,,,,,
"[{'id': 800, 'main': 'Clear', 'description': 'clear sky', 'icon': '01n'}]",,10000.0,1759633200.0,,,,,Los Angeles,CA,forecast,,,20.96,20.55,20.96,20.96,1009.0,55.0,1009.0,990.0,2.81,244.0,2.87,0.0,,,,0.0,2025-10-05 03:00:00,0.0,n,,openweather,,,,,
"[{'id': 800, 'main': 'Clear', 'description': 'clear sky', 'icon': '01n'}]",,10000.0,1759644000.0,,,,,Los Angeles,CA,forecast,,,20.39,19.87,20.39,20.39,1009.0,53.0,1009.0,990.0,1.56,166.0,1.61,0.0,,,,0.0,2025-10-05 06:00:00,0.0,n,,openweather,,,,,
"[{'id': 800, 'main': 'Clear', 'description': 'clear sky', 'icon': '01n'}]",,10000.0,1759654800.0,,,,,Los Angeles,CA,forecast,,,20.0,19.47,20.0,20.0,1009.0,54.0,1009.0,990.0,1.46,135.0,1.88,0.0,,,,0.0,2025-10-05 09:00:00,0.0,n,,openweather,,,,,
"[{'id': 800, 'main': 'Clear', 'description': 'clear sky', 'icon': '01n'}]",,10000.0,1759665600.0,,,,,Los Angeles,CA,forecast,,,18.99,18.59,18.99,18.99,1009.0,63.0,1009.0,989.0,1.55,139.0,2.11,0.0,,,,0.0,2025-10-05 12:00:00,0.0,n,,openweather,,,,,
"[{'id': 800, 'main': 'Clear', 'description': 'clear sky', 'icon': '01d'}]",,10000.0,1759676400.0,,,,,Los Angeles,CA,forecast,,,18.87,18.51,18.87,18.87,1009.0,65.0,1009.0,990.0,1.92,130.0,2.38,0.0,,,,0.0,2025-10-05 15:00:00,0.0,d,,openweather,,,,,
"[{'id': 800, 'main': 'Clear', 'description': 'clear sky', 'icon': '01d'}]",,10000.0,1759687200.0,,,,,Los Angeles,CA,forecast,,,22.39,21.99,22.39,22.39,1010.0,50.0,1010.0,990.0,2.95,155.0,2.67,0.0,,,,0.0,2025-10-05 18:00:00,0.0,d,,openweather,,,,,
"[{'id': 800, 'main': 'Clear', 'description': 'clear sky', 'icon': '01d'}]",,10000.0,1759698000.0,,,,,Los Angeles,CA,forecast,,,25.02,24.65,25.02,25.02,1008.0,41.0,1008.0,989.0,3.9,178.0,2.82,0.0,,,,0.0,2025-10-05 21:00:00,0.0,d,,openweather,,,,,
"[{'id': 800, 'main': 'Clear', 'description': 'clear sky', 'icon': '01d'}]",,10000.0,1759708800.0,,,,,Los Angeles,CA,forecast,,,23.9,23.55,23.9,23.9,1007.0,46.0,1007.0,988.0,3.64,183.0,2.49,0.0,,,,0.0,2025-10-06 00:00:00,0.0,d,,openweather,,,,,
"[{'id': 800, 'main': 'Clear', 'description': 'clear sky', 'icon': '01n'}]",,10000.0,1759719600.0,,,,,Los Angeles,CA,forecast,,,20.58,20.29,20.58,20.58,1008.0,61.0,1008.0,989.0,3.04,152.0,2.47,0.0,,,,0.0,2025-10-06 03:00:00,0.0,n,,openweather,,,,,
"[{'id': 800, 'main': 'Clear', 'description': 'clear sky', 'icon': '01n'}]",,10000.0,1759730400.0,,,,,Los Angeles,CA,forecast,,,19.12,18.89,19.12,19.12,1009.0,69.0,1009.0,989.0,2.78,140.0,3.06,1.0,,,,0.0,2025-10-06 06:00:00,0.0,n,,openweather,,,,,
"[{'id': 800, 'main': 'Clear', 'description': 'clear sky', 'icon': '01n'}]",,10000.0,1759741200.0,,,,,Los Angeles,CA,forecast,,,18.21,18.02,18.21,18.21,1009.0,74.0,1009.0,989.0,2.68,144.0,3.07,1.0,,,,0.0,2025-10-06 09:00:00,0.0,n,,openweather,,,,,
"[{'id': 801, 'main': 'Clouds', 'description': 'few clouds', 'icon': '02n'}]",,10000.0,1759752000.0,,,,,Los Angeles,CA,forecast,,,17.75,17.49,17.75,17.75,1009.0,73.0,1009.0,990.0,2.16,136.0,2.78,23.0,,,,0.0,2025-10-06 12:00:00,0.0,n,,openweather,,,,,
"[{'id': 803, 'main': 'Clouds', 'description': 'broken clouds', 'icon': '04d'}]",,10000.0,1759762800.0,,,,,Los Angeles,CA,forecast,,,18.07,17.73,18.07,18.07,1010.0,69.0,1010.0,990.0,2.41,133.0,2.8,74.0,,,,0.0,2025-10-06 15:00:00,0.0,d,,openweather,,,,,
"[{'id': 803, 'main': 'Clouds', 'description': 'broken clouds', 'icon': '04d'}]",,10000.0,1759773600.0,,,,,Los Angeles,CA,forecast,,,20.49,20.11,20.49,20.49,1010.0,58.0,1010.0,991.0,2.59,161.0,2.51,73.0,,,,0.0,2025-10-06 18:00:00,0.0,d,,openweather,,,,,
"[{'id': 800, 'main': 'Clear', 'description': 'clear sky', 'icon': '01d'}]",,10000.0,1759784400.0,,,,,Los Angeles,CA,forecast,,,23.61,23.18,23.61,23.61,1008.0,44.0,1008.0,989.0,3.74,203.0,2.5,9.0,,,,0.0,2025-10-06 21:00:00,0.0,d,,openweather,,,,,
"[{'id': 800, 'main': 'Clear', 'description': 'clear sky', 'icon': '01d'}]",,10000.0,1759795200.0,,,,,Los Angeles,CA,forecast,,,22.29,21.88,22.29,22.29,1008.0,50.0,1008.0,989.0,4.0,233.0,2.46,4.0,,,,0.0,2025-10-07 00:00:00,0.0,d,,openweather,,,,,
"[{'id': 800, 'main': 'Clear', 'description': 'clear sky', 'icon': '01n'}]",,10000.0,1759806000.0,,,,,Los Angeles,CA,forecast,,,19.0,18.71,19.0,19.0,1010.0,67.0,1010.0,991.0,2.84,234.0,2.82,0.0,,,,0.0,2025-10-07 03:00:00,0.0,n,,openweather,,,,,
"[{'id': 800, 'main': 'Clear', 'description': 'clear sky', 'icon': '01n'}]",,10000.0,1759816800.0,,,,,Los Angeles,CA,forecast,,,18.36,18.13,18.36,18.36,1011.0,72.0,1011.0,991.0,1.89,234.0,1.69,0.0,,,,0.0,2025-10-07 06:00:00,0.0,n,,openweather,,,,,
"[{'id': 800, 'main': 'Clear', 'description': 'clear sky', 'icon': '01n'}]",,10000.0,1759827600.0,,,,,Los Angeles,CA,forecast,,,17.92,17.67,17.92,17.92,1011.0,73.0,1011.0,991.0,1.21,224.0,1.14,1.0,,,,0.0,2025-10-07 09:00:00,0.0,n,,openweather,,,,,
"[{'id': 800, 'main': 'Clear', 'description': 'clear sky', 'icon': '01n'}]",,10000.0,1759838400.0,,,,,Los Angeles,CA,forecast,,,17.68,17.44,17.68,17.68,1011.0,74.0,1011.0,991.0,1.11,241.0,0.98,0.0,,,,0.0,2025-10-07 12:00:00,0.0,n,,openweather,,,,,
"[{'id': 800, 'main': 'Clear', 'description': 'clear sky', 'icon': '01d'}]",,10000.0,1759849200.0,,,,,Los Angeles,CA,forecast,,,17.86,17.61,17.86,17.86,1012.0,73.0,1012.0,993.0,1.05,223.0,0.83,0.0,,,,0.0,2025-10-07 15:00:00,0.0,d,,openweather,,,,,
"[{'id': 800, 'main': 'Clear', 'description': 'clear sky', 'icon': '01d'}]",,10000.0,1759860000.0,,,,,Los Angeles,CA,forecast,,,21.09,20.82,21.09,21.09,1013.0,60.0,1013.0,993.0,2.18,207.0,1.33,1.0,,,,0.0,2025-10-07 18:00:00,0.0,d,,openweather,,,,,
"[{'id': 800, 'main': 'Clear', 'description': 'clear sky', 'icon': '01d'}]",,10000.0,1759870800.0,,,,,Los Angeles,CA,forecast,,,23.44,23.2,23.44,23.44,1011.0,52.0,1011.0,992.0,3.99,232.0,2.27,2.0,,,,0.0,2025-10-07 21:00:00,0.0,d,,openweather,,,,,
"[{'id': 800, 'main': 'Clear', 'description': 'clear sky', 'icon': '01d'}]",,10000.0,1759881600.0,,,,,Los Angeles,CA,forecast,,,21.62,21.35,21.62,21.62,1011.0,58.0,1011.0,992.0,4.15,236.0,3.12,1.0,,,,0.0,2025-10-08 00:00:00,0.0,d,,openweather,,,,,
"[{'id': 800, 'main': 'Clear', 'description': 'clear sky', 'icon': '01n'}]",stations,10000.0,1759459262.0,-18000.0,4887398.0,Chicago,200.0,Chicago,IL,current,-87.6298,41.8781,19.91,19.6,19.91,19.91,1022.0,63.0,1022.0,1001.0,3.47,139.0,7.37,3.0,US,1759405717.0,1759447844.0,,,,,,openweather,,,,,
"[{'id': 800, 'main': 'Clear', 'description': 'clear sky', 'icon': '01n'}]",,10000.0,1759460400.0,,,,,Chicago,IL,forecast,,,19.91,19.6,19.91,19.91,1022.0,63.0,1022.0,1001.0,3.47,139.0,7.37,3.0,,,,0.0,2025-10-03 03:00:00,0.0,n,,openweather,,,,,
"[{'id': 800, 'main': 'Clear', 'description': 'clear sky', 'icon': '01n'}]",,10000.0,1759471200.0,,,,,Chicago,IL,forecast,,,20.09,19.72,20.09,20.44,1022.0,60.0,1022.0,1001.0,2.93,174.0,7.31,7.0,,,,0.0,2025-10-03 06:00:00,-0.35,n,,openweather,,,,,
"[{'id': 801, 'main': 'Clouds', 'description': 'few clouds', 'icon': '02n'}]",,10000.0,1759482000.0,,,,,Chicago,IL,forecast,,,19.16,18.62,18.78,19.16,1022.0,57.0,1022.0,1000.0,2.45,189.0,6.18,21.0,,,,0.0,2025-10-03 09:00:00,0.38,n,,openweather,,,,,
"[{'id': 801, 'main': 'Clouds', 'description': 'few clouds', 'icon': '02d'}]",,10000.0,1759492800.0,,,,,Chicago,IL,forecast,,,17.71,17.23,17.71,17.71,1022.0,65.0,1022.0,1001.0,2.35,214.0,5.65,11.0,,,,0.0,2025-10-03 12:00:00,0.0,d,,openweather,,,,,
"[{'id': 800, 'main': 'Clear', 'description': 'clear sky', 'icon': '01d'}]",,10000.0,1759503600.0,,,,,Chicago,IL,forecast,,,25.54,25.56,25.54,25.54,1023.0,54.0,1023.0,1002.0,3.14,220.0,4.68,0.0,,,,0.0,2025-10-03 15:00:00,0.0,d,,openweather,,,,,
"[{'id': 800, 'main': 'Clear', 'description': 'clear sky', 'icon': '01d'}]",,10000.0,1759514400.0,,,,,Chicago,IL,forecast,,,29.51,29.24,29.51,29.51,1021.0,41.0,1021.0,1000.0,2.62,214.0,3.46,0.0,,,,0.0,2025-10-03 18:00:00,0.0,d,,openweather,,,,,
"[{'id': 801, 'main': 'Clouds', 'description': 'few clouds', 'icon': '02d'}]",,10000.0,1759525200.0,,,,,Chicago,IL,forecast,,,29.47,28.9,29.47,29.47,1019.0,38.0,1019.0,998.0,1.31,195.0,3.16,13.0,,,,0.0,2025-10-03 21:00:00,0.0,d,,openweather,,,,,
"[{'id': 801, 'main': 'Clouds', 'description': 'few clouds', 'icon': '02n'}]",,10000.0,1759536000.0,,,,,Chicago,IL,forecast,,,25.97,25.97,25.97,25.97,1019.0,47.0,1019.0,998.0,2.68,128.0,4.16,11.0,,,,0.0,2025-10-04 00:00:00,0.0,n,,openweather,,,,,
"[{'id': 802, 'main': 'Clouds', 'description': 'scattered clouds', 'icon': '03n'}]",,10000.0,1759546800.0,,,,,Chicago,IL,forecast,,,25.66,25.48,25.66,25.66,1019.0,46.0,1019.0,998.0,3.79,188.0,7.87,30.0,,,,0.0,2025-10-04 03:00:00,0.0,n,,openweather,,,,,
"[{'id': 801, 'main': 'Clouds', 'description': 'few clouds', 'icon': '02n'}]",,10000.0,1759557600.0,,,,,Chicago,IL,forecast,,,23.71,23.49,23.71,23.71,1020.0,52.0,1020.0,999.0,3.27,205.0,7.5,23.0,,,,0.0,2025-10-04 06:00:00,0.0,n,,openweather,,,,,
"[{'id': 800, 'main': 'Clear', 'description': 'clear sky', 'icon': '01n'}]",,10000.0,1759568400.0,,,,,Chicago,IL,forecast,,,22.58,22.36,22.58,22.58,1020.0,56.0,1020.0,999.0,2.59,218.0,6.73,8.0,,,,0.0,2025-10-04 09:00:00,0.0,n,,openweather,,,,,
"[{'id': 800, 'main': 'Clear', 'description': 'clear sky', 'icon': '01d'}]",,10000.0,1759579200.0,,,,,Chicago,IL,forecast,,,21.5,21.3,21.5,21.5,1020.0,61.0,1020.0,999.0,2.63,208.0,6.41,5.0,,,,0.0,2025-10-04 12:00:00,0.0,d,,openweather,,,,,
"[{'id': 800, 'main': 'Clear', 'description': 'clear sky', 'icon': '01d'}]",,10000.0,1759590000.0,,,,,Chicago,IL,forecast,,,25.3,25.06,25.3,25.3,1020.0,45.0,1020.0,999.0,3.92,217.0,5.82,0.0,,,,0.0,2025-10-04 15:00:00,0.0,d,,openweather,,,,,
"[{'id': 800, 'main': 'Clear', 'description': 'clear sky', 'icon': '01d'}]",,10000.0,1759600800.0,,,,,Chicago,IL,forecast,,,28.58,27.9,28.58,28.58,1019.0,36.0,1019.0,998.0,4.34,226.0,5.61,4.0,,,,0.0,2025-10-04 18:00:00,0.0,d,,openweather,,,,,
"[{'id': 800, 'main': 'Clear', 'description': 'clear sky', 'icon': '01d'}]",,10000.0,1759611600.0,,,,,Chicago,IL,forecast,,,28.67,28.12,28.67,28.67,1017.0,38.0,1017.0,996.0,3.47,167.0,5.78,8.0,,,,0.0,2025-10-04 21:00:00,0.0,d,,openweather,,,,,
"[{'id': 801, 'main': 'Clouds', 'description': 'few clouds', 'icon': '02n'}]",,10000.0,1759622400.0,,,,,Chicago,IL,forecast,,,26.64,26.64,26.64,26.64,1017.0,43.0,1017.0,996.0,4.18,167.0,7.65,12.0,,,,0.0,2025-10-05 00:00:00,0.0,n,,openweather,,,,,
"[{'id': 803, 'main': 'Clouds', 'description': 'broken clouds', 'icon': '04n'}]",,10000.0,1759633200.0,,,,,Chicago,IL,forecast,,,25.91,25.71,25.91,25.91,1018.0,44.0,1018.0,997.0,4.68,187.0,8.74,54.0,,,,0.0,2025-10-05 03:00:00,0.0,n,,openweather,,,,,
"[{'id': 802, 'main': 'Clouds', 'description': 'scattered clouds', 'icon': '03n'}]",,10000.0,1759644000.0,,,,,Chicago,IL,forecast,,,23.84,23.45,23.84,23.84,1018.0,45.0,1018.0,997.0,4.69,213.0,10.52,36.0,,,,0.0,2025-10-05 06:00:00,0.0,n,,openweather,,,,,
"[{'id': 800, 'main': 'Clear', 'description': 'clear sky', 'icon': '01n'}]",,10000.0,1759654800.0,,,,,Chicago,IL,forecast,,,22.22,21.83,22.22,22.22,1018.0,51.0,1018.0,997.0,3.67,208.0,9.22,0.0,,,,0.0,2025-10-05 09:00:00,0.0,n,,openweather,,,,,
"[{'id': 800, 'main': 'Clear', 'description': 'clear sky', 'icon': '01d'}]",,10000.0,1759665600.0,,,,,Chicago,IL,forecast,,,20.91,20.49,20.91,20.91,1019.0,55.0,1019.0,998.0,3.59,196.0,9.45,0.0,,,,0.0,2025-10-05 12:00:00,0.0,d,,openweather,,,,,
"[{'id': 800, 'main': 'Clear', 'description': 'clear sky', 'icon': '01d'}]",,10000.0,1759676400.0,,,,,Chicago,IL,forecast,,,23.85,23.49,23.85,23.85,1020.0,46.0,1020.0,999.0,4.87,195.0,8.66,0.0,,,,0.0,2025-10-05 15:00:00,0.0,d,,openweather,,,,,
"[{'id': 800, 'main': 'Clear', 'description': 'clear sky', 'icon': '01d'}]",,10000.0,1759687200.0,,,,,Chicago,IL,forecast,,,27.61,26.82,27.61,27.61,1018.0,30.0,1018.0,997.0,5.75,198.0,8.04,0.0,,,,0.0,2025-10-05 18:00:00,0.0,d,,openweather,,,,,
"[{'id': 800, 'main': 'Clear', 'description': 'clear sky', 'icon': '01d'}]",,10000.0,1759698000.0,,,,,Chicago,IL,forecast,,,28.46,27.15,28.46,28.46,1016.0,23.0,1016.0,995.0,5.66,199.0,7.7,0.0,,,,0.0,2025-10-05 21:00:00,0.0,d,,openweather,,,,,
"[{'id': 800, 'main': 'Clear', 'description': 'clear sky', 'icon': '01n'}]",,10000.0,1759708800.0,,,,,Chicago,IL,forecast,,,26.19,26.19,26.19,26.19,1016.0,29.0,1016.0,996.0,3.49,197.0,7.85,0.0,,,,0.0,2025-10-06 00:00:00,0.0,n,,openweather,,,,,
"[{'id': 800, 'main': 'Clear', 'description': 'clear sky', 'icon': '01n'}]",,10000.0,1759719600.0,,,,,Chicago,IL,forecast,,,23.97,23.36,23.97,23.97,1017.0,36.0,1017.0,996.0,3.86,188.0,8.99,0.0,,,,0.0,2025-10-06 03:00:00,0.0,n,,openweather,,,,,
"[{'id': 800, 'main': 'Clear', 'description': 'clear sky', 'icon': '01n'}]",,10000.0,1759730400.0,,,,,Chicago,IL,forecast,,,22.94,22.54,22.94,22.94,1017.0,48.0,1017.0,996.0,5.04,205.0,12.22,0.0,,,,0.0,2025-10-06 06:00:00,0.0,n,,openweather,,,,,
"[{'id': 800, 'main': 'Clear', 'description': 'clear sky', 'icon': '01n'}]",,10000.0,1759741200.0,,,,,Chicago,IL,forecast,,,22.17,21.77,22.17,22.17,1018.0,51.0,1018.0,997.0,4.6,213.0,11.91,0.0,,,,0.0,2025-10-06 09:00:00,0.0,n,,openweather,,,,,
"[{'id': 800, 'main': 'Clear', 'description': 'clear sky', 'icon': '01d'}]",,10000.0,1759752000.0,,,,,Chicago,IL,forecast,,,21.2,20.84,21.2,21.2,1019.0,56.0,1019.0,998.0,3.98,227.0,10.91,0.0,,,,0.0,2025-10-06 12:00:00,0.0,d,,openweather,,,,,
"[{'id': 800, 'main': 'Clear', 'description': 'clear sky', 'icon': '01d'}]",,10000.0,1759762800.0,,,,,Chicago,IL,forecast,,,24.13,23.88,24.13,24.13,1020.0,49.0,1020.0,999.0,3.81,243.0,5.6,0.0,,,,0.0,2025-10-06 15:00:00,0.0,d,,openweather,,,,,
"[{'id': 800, 'main': 'Clear', 'description': 'clear sky', 'icon': '01d'}]",,10000.0,1759773600.0,,,,,Chicago,IL,forecast,,,27.02,27.09,27.02,27.02,1019.0,44.0,1019.0,998.0,3.63,200.0,5.07,6.0,,,,0.0,2025-10-06 18:00:00,0.0,d,,openweather,,,,,
"[{'id': 803, 'main': 'Clouds', 'description': 'broken clouds', 'icon': '04d'}]",,10000.0,1759784400.0,,,,,Chicago,IL,forecast,,,25.92,25.82,25.92,25.92,1017.0,48.0,1017.0,996.0,0.89,102.0,3.93,75.0,,,,0.0,2025-10-06 21:00:00,0.0,d,,openweather,,,,,
"[{'id': 500, 'main': 'Rain', 'description': 'light rain', 'icon': '10n'}]",,10000.0,1759795200.0,,,,,Chicago,IL,forecast,,,19.7,19.89,19.7,19.7,1019.0,83.0,1019.0,998.0,5.68,9.0,8.23,85.0,,,,0.67,2025-10-07 00:00:00,0.0,n,0.73,openweather,,,,,
"[{'id': 500, 'main': 'Rain', 'description': 'light rain', 'icon': '10n'}]",,10000.0,1759806000.0,,,,,Chicago,IL,forecast,,,18.74,19.07,18.74,18.74,1020.0,92.0,1020.0,999.0,1.33,38.0,1.89,85.0,,,,1.0,2025-10-07 03:00:00,0.0,n,1.76,openweather,,,,,
"[{'id': 501, 'main': 'Rain', 'description': 'moderate rain', 'icon': '10n'}]",,10000.0,1759816800.0,,,,,Chicago,IL,forecast,,,18.74,19.1,18.74,18.74,1020.0,93.0,1020.0,999.0,1.0,343.0,1.45,93.0,,,,1.0,2025-10-07 06:00:00,0.0,n,3.15,openweather,,,,,
"[{'id': 500, 'main': 'Rain', 'description': 'light rain', 'icon': '10n'}]",,10000.0,1759827600.0,,,,,Chicago,IL,forecast,,,18.6,18.97,18.6,18.6,1019.0,94.0,1019.0,998.0,1.31,152.0,1.62,99.0,,,,1.0,2025-10-07 09:00:00,0.0,n,1.68,openweather,,,,,
"[{'id': 500, 'main': 'Rain', 'description': 'light rain', 'icon': '10d'}]",,10000.0,1759838400.0,,,,,Chicago,IL,forecast,,,18.66,19.01,18.66,18.66,1020.0,93.0,1020.0,998.0,2.5,313.0,4.55,99.0,,,,1.0,2025-10-07 12:00:00,0.0,d,0.19,openweather,,,,,
"[{'id': 500, 'main': 'Rain', 'description': 'light rain', 'icon': '10d'}]",,10000.0,1759849200.0,,,,,Chicago,IL,forecast,,,17.33,17.34,17.33,17.33,1021.0,85.0,1021.0,1000.0,3.41,331.0,4.0,100.0,,,,1.0,2025-10-07 15:00:00,0.0,d,1.9,openweather,,,,,
"[{'id': 500, 'main': 'Rain', 'description': 'light rain', 'icon': '10d'}]",,10000.0,1759860000.0,,,,,Chicago,IL,forecast,,,17.42,17.15,17.42,17.42,1022.0,74.0,1022.0,1000.0,3.54,337.0,4.72,100.0,,,,1.0,2025-10-07 18:00:00,0.0,d,0.16,openweather,,,,,
"[{'id': 804, 'main': 'Clouds', 'description': 'overcast clouds', 'icon': '04d'}]",,10000.0,1759870800.0,,,,,Chicago,IL,forecast,,,18.24,17.63,18.24,18.24,1021.0,58.0,1021.0,1000.0,4.05,17.0,5.33,100.0,,,,0.0,2025-10-07 21:00:00,0.0,d,,openweather,,,,,
"[{'id': 804, 'main': 'Clouds', 'description': 'overcast clouds', 'icon': '04n'}]",,10000.0,1759881600.0,,,,,Chicago,IL,forecast,,,17.13,16.33,17.13,17.13,1023.0,55.0,1023.0,1002.0,3.22,33.0,5.81,99.0,,,,0.0,2025-10-08 00:00:00,0.0,n,,openweather,,,,,
"[{'id': 800, 'main': 'Clear', 'description': 'clear sky', 'icon': '01n'}]",stations,10000.0,1759459154.0,-18000.0,4699066.0,Houston,200.0,Houston,TX,current,-95.3745,29.7563,25.93,26.15,25.93,25.93,1018.0,60.0,1018.0,1015.0,3.73,121.0,6.92,0.0,US,1759407323.0,1759449954.0,,,,,,openweather,,,,,
"[{'id': 800, 'main': 'Clear', 'description': 'clear sky', 'icon': '01n'}]",,10000.0,1759460400.0,,,,,Houston,TX,forecast,,,25.93,26.15,25.93,25.93,1018.0,60.0,1018.0,1015.0,3.73,121.0,6.92,0.0,,,,0.0,2025-10-03 03:00:00,0.0,n,,openweather,,,,,
"[{'id': 800, 'main': 'Clear', 'description': 'clear sky', 'icon': '01n'}]",,10000.0,1759471200.0,,,,,Houston,TX,forecast,,,25.42,25.56,24.39,25.42,1018.0,59.0,1018.0,1015.0,2.48,127.0,4.97,6.0,,,,0.0,2025-10-03 06:00:00,1.03,n,,openweather,,,,,
"[{'id': 800, 'main': 'Clear', 'description': 'clear sky', 'icon': '01n'}]",,10000.0,1759482000.0,,,,,Houston,TX,forecast,,,23.89,23.98,22.87,23.89,1017.0,63.0,1017.0,1015.0,0.66,97.0,1.48,7.0,,,,0.0,2025-10-03 09:00:00,1.02,n,,openweather,,,,,
"[{'id': 800, 'main': 'Clear', 'description': 'clear sky', 'icon': '01n'}]",,10000.0,1759492800.0,,,,,Houston,TX,forecast,,,22.73,22.81,22.73,22.73,1018.0,67.0,1018.0,1016.0,2.24,62.0,3.84,6.0,,,,0.0,2025-10-03 12:00:00,0.0,n,,openweather,,,,,
"[{'id': 800, 'main': 'Clear', 'description': 'clear sky', 'icon': '01d'}]",,10000.0,1759503600.0,,,,,Houston,TX,forecast,,,27.97,28.88,27.97,27.97,1020.0,55.0,1020.0,1017.0,3.36,67.0,4.5,0.0,,,,0.1,2025-10-03 15:00:00,0.0,d,,openweather,,,,,
"[{'id': 800, 'main': 'Clear', 'description': 'clear sky', 'icon': '01d'}]",,10000.0,1759514400.0,,,,,Houston,TX,forecast,,,31.08,30.47,31.08,31.08,1018.0,36.0,1018.0,1016.0,3.91,68.0,5.46,0.0,,,,0.02,2025-10-03 18:00:00,0.0,d,,openweather,,,,,
"[{'id': 801, 'main': 'Clouds', 'description': 'few clouds', 'icon': '02d'}]",,10000.0,1759525200.0,,,,,Houston,TX,forecast,,,33.99,33.1,33.99,33.99,1015.0,29.0,1015.0,1013.0,4.74,80.0,5.13,21.0,,,,0.0,2025-10-03 21:00:00,0.0,d,,openweather,,,,,
"[{'id': 802, 'main': 'Clouds', 'description': 'scattered clouds', 'icon': '03d'}]",,10000.0,1759536000.0,,,,,Houston,TX,forecast,,,30.94,30.7,30.94,30.94,1015.0,39.0,1015.0,1013.0,4.41,105.0,6.14,37.0,,,,0.0,2025-10-04 00:00:00,0.0,d,,openweather,,,,,
"[{'id': 800, 'main': 'Clear', 'description': 'clear sky', 'icon': '01n'}]",,10000.0,1759546800.0,,,,,Houston,TX,forecast,,,28.85,29.58,28.85,28.85,1017.0,51.0,1017.0,1014.0,2.94,113.0,6.73,2.0,,,,0.0,2025-10-04 03:00:00,0.0,n,,openweather,,,,,
"[{'id': 800, 'main': 'Clear', 'description': 'clear sky', 'icon': '01n'}]",,10000.0,1759557600.0,,,,,Houston,TX,forecast,,,27.34,28.44,27.34,27.34,1016.0,59.0,1016.0,1014.0,2.97,103.0,6.66,5.0,,,,0.0,2025-10-04 06:00:00,0.0,n,,openweather,,,,,
"[{'id': 800, 'main': 'Clear', 'description': 'clear sky', 'icon': '01n'}]",,10000.0,1759568400.0,,,,,Houston,TX,forecast,,,25.7,26.05,25.7,25.7,1015.0,66.0,1015.0,1013.0,2.97,65.0,6.0,0.0,,,,0.0,2025-10-04 09:00:00,0.0,n,,openweather,,,,,
"[{'id': 800, 'main': 'Clear', 'description': 'clear sky', 'icon': '01n'}]",,10000.0,1759579200.0,,,,,Houston,TX,forecast,,,24.12,24.39,24.12,24.12,1016.0,69.0,1016.0,1013.0,3.35,63.0,7.3,0.0,,,,0.0,2025-10-04 12:00:00,0.0,n,,openweather,,,,,
"[{'id': 800, 'main': 'Clear', 'description': 'clear sky', 'icon': '01d'}]",,10000.0,1759590000.0,,,,,Houston,TX,forecast,,,26.91,28.04,26.91,26.91,1016.0,61.0,1016.0,1014.0,3.88,71.0,5.87,0.0,,,,0.04,2025-10-04 15:00:00,0.0,d,,openweather,,,,,
"[{'id': 800, 'main': 'Clear', 'description': 'clear sky', 'icon': '01d'}]",,10000.0,1759600800.0,,,,,Houston,TX,forecast,,,31.51,31.59,31.51,31.51,1014.0,40.0,1014.0,1012.0,4.84,94.0,5.76,0.0,,,,0.0,2025-10-04 18:00:00,0.0,d,,openweather,,,,,
"[{'id': 800, 'main': 'Clear', 'description': 'clear sky', 'icon': '01d'}]",,10000.0,1759611600.0,,,,,Houston,TX,forecast,,,32.56,32.37,32.56,32.56,1012.0,36.0,1012.0,1009.0,5.01,118.0,5.26,2.0,,,,0.0,2025-10-04 21:00:00,0.0,d,,openweather,,,,,
"[{'id': 800, 'main': 'Clear', 'description': 'clear sky', 'icon': '01d'}]",,10000.0,1759622400.0,,,,,Houston,TX,forecast,,,28.97,29.62,28.97,28.97,1012.0,50.0,1012.0,1010.0,4.72,132.0,5.84,5.0,,,,0.0,2025-10-05 00:00:00,0.0,d,,openweather,,,,,
"[{'id': 800, 'main': 'Clear', 'description': 'clear sky', 'icon': '01n'}]",,10000.0,1759633200.0,,,,,Houston,TX,forecast,,,27.23,28.3,27.23,27.23,1013.0,59.0,1013.0,1011.0,3.7,135.0,7.7,0.0,,,,0.0,2025-10-05 03:00:00,0.0,n,,openweather,,,,,
"[{'id': 800, 'main': 'Clear', 'description': 'clear sky', 'icon': '01n'}]",,10000.0,1759644000.0,,,,,Houston,TX,forecast,,,26.52,26.52,26.52,26.52,1013.0,63.0,1013.0,1010.0,3.45,107.0,7.64,2.0,,,,0.0,2025-10-05 06:00:00,0.0,n,,openweather,,,,,
"[{'id': 800, 'main': 'Clear', 'description': 'clear sky', 'icon': '01n'}]",,10000.0,1759654800.0,,,,,Houston,TX,forecast,,,24.93,25.28,24.93,24.93,1012.0,69.0,1012.0,1010.0,3.62,82.0,7.55,0.0,,,,0.0,2025-10-05 09:00:00,0.0,n,,openweather,,,,,
"[{'id': 800, 'main': 'Clear', 'description': 'clear sky', 'icon': '01n'}]",,10000.0,1759665600.0,,,,,Houston,TX,forecast,,,23.26,23.52,23.26,23.26,1013.0,72.0,1013.0,1011.0,3.3,67.0,6.3,0.0,,,,0.0,2025-10-05 12:00:00,0.0,n,,openweather,,,,,
"[{'id': 800, 'main': 'Clear', 'description': 'clear sky', 'icon': '01d'}]",,10000.0,1759676400.0,,,,,Houston,TX,forecast,,,26.12,26.12,26.12,26.12,1014.0,60.0,1014.0,1012.0,3.81,67.0,5.49,0.0,,,,0.0,2025-10-05 15:00:00,0.0,d,,openweather,,,,,
"[{'id': 800, 'main': 'Clear', 'description': 'clear sky', 'icon': '01d'}]",,10000.0,1759687200.0,,,,,Houston,TX,forecast,,,30.91,31.24,30.91,30.91,1013.0,43.0,1013.0,1010.0,4.11,85.0,4.88,0.0,,,,0.0,2025-10-05 18:00:00,0.0,d,,openweather,,,,,
"[{'id': 800, 'main': 'Clear', 'description': 'clear sky', 'icon': '01d'}]",,10000.0,1759698000.0,,,,,Houston,TX,forecast,,,32.86,32.78,32.86,32.86,1010.0,36.0,1010.0,1008.0,4.44,108.0,4.15,9.0,,,,0.0,2025-10-05 21:00:00,0.0,d,,openweather,,,,,
"[{'id': 800, 'main': 'Clear', 'description': 'clear sky', 'icon': '01d'}]",,10000.0,1759708800.0,,,,,Houston,TX,forecast,,,29.21,30.2,29.21,29.21,1011.0,52.0,1011.0,1009.0,4.74,116.0,6.1,9.0,,,,0.0,2025-10-06 00:00:00,0.0,d,,openweather,,,,,
"[{'id': 800, 'main': 'Clear', 'description': 'clear sky', 'icon': '01n'}]",,10000.0,1759719600.0,,,,,Houston,TX,forecast,,,27.1,28.77,27.1,27.1,1013.0,67.0,1013.0,1010.0,3.7,118.0,6.59,0.0,,,,0.0,2025-10-06 03:00:00,0.0,n,,openweather,,,,,
"[{'id': 800, 'main': 'Clear', 'description': 'clear sky', 'icon': '01n'}]",,10000.0,1759730400.0,,,,,Houston,TX,forecast,,,25.94,26.47,25.94,25.94,1013.0,72.0,1013.0,1010.0,2.79,100.0,6.04,0.0,,,,0.0,2025-10-06 06:00:00,0.0,n,,openweather,,,,,
"[{'id': 800, 'main': 'Clear', 'description': 'clear sky', 'icon': '01n'}]",,10000.0,1759741200.0,,,,,Houston,TX,forecast,,,24.74,25.33,24.74,24.74,1013.0,79.0,1013.0,1010.0,2.45,78.0,4.7,1.0,,,,0.0,2025-10-06 09:00:00,0.0,n,,openweather,,,,,
"[{'id': 800, 'main': 'Clear', 'description': 'clear sky', 'icon': '01n'}]",,10000.0,1759752000.0,,,,,Houston,TX,forecast,,,23.52,24.09,23.52,23.52,1014.0,83.0,1014.0,1011.0,2.73,58.0,4.22,2.0,,,,0.0,2025-10-06 12:00:00,0.0,n,,openweather,,,,,
"[{'id': 800, 'main': 'Clear', 'description': 'clear sky', 'icon': '01d'}]",,10000.0,1759762800.0,,,,,Houston,TX,forecast,,,26.32,26.32,26.32,26.32,1015.0,65.0,1015.0,1013.0,3.19,66.0,4.2,1.0,,,,0.0,2025-10-06 15:00:00,0.0,d,,openweather,,,,,
"[{'id': 800, 'main': 'Clear', 'description': 'clear sky', 'icon': '01d'}]",,10000.0,1759773600.0,,,,,Houston,TX,forecast,,,31.6,32.23,31.6,31.6,1014.0,43.0,1014.0,1012.0,2.44,77.0,2.63,0.0,,,,0.0,2025-10-06 18:00:00,0.0,d,,openweather,,,,,
"[{'id': 800, 'main': 'Clear', 'description': 'clear sky', 'icon': '01d'}]",,10000.0,1759784400.0,,,,,Houston,TX,forecast,,,33.69,33.79,33.69,33.69,1012.0,35.0,1012.0,1009.0,2.79,120.0,2.39,9.0,,,,0.0,2025-10-06 21:00:00,0.0,d,,openweather,,,,,
"[{'id': 801, 'main': 'Clouds', 'description': 'few clouds', 'icon': '02d'}]",,10000.0,1759795200.0,,,,,Houston,TX,forecast,,,30.34,31.39,30.34,30.34,1013.0,49.0,1013.0,1010.0,4.88,136.0,5.23,16.0,,,,0.0,2025-10-07 00:00:00,0.0,d,,openweather,,,,,
"[{'id': 801, 'main': 'Clouds', 'description': 'few clouds', 'icon': '02n'}]",,10000.0,1759806000.0,,,,,Houston,TX,forecast,,,27.56,29.41,27.56,27.56,1015.0,66.0,1015.0,1012.0,3.32,151.0,5.66,11.0,,,,0.0,2025-10-07 03:00:00,0.0,n,,openweather,,,,,
"[{'id': 802, 'main': 'Clouds', 'description': 'scattered clouds', 'icon': '03n'}]",,10000.0,1759816800.0,,,,,Houston,TX,forecast,,,26.75,28.44,26.75,26.75,1015.0,70.0,1015.0,1012.0,2.26,144.0,5.08,34.0,,,,0.0,2025-10-07 06:00:00,0.0,n,,openweather,,,,,
"[{'id': 801, 'main': 'Clouds', 'description': 'few clouds', 'icon': '02n'}]",,10000.0,1759827600.0,,,,,Houston,TX,forecast,,,26.02,26.02,26.02,26.02,1015.0,75.0,1015.0,1012.0,0.52,140.0,1.11,15.0,,,,0.0,2025-10-07 09:00:00,0.0,n,,openweather,,,,,
"[{'id': 500, 'main': 'Rain', 'description': 'light rain', 'icon': '10n'}]",,10000.0,1759838400.0,,,,,Houston,TX,forecast,,,25.22,25.89,25.22,25.22,1016.0,80.0,1016.0,1013.0,1.31,55.0,1.98,19.0,,,,0.2,2025-10-07 12:00:00,0.0,n,0.17,openweather,,,,,
"[{'id': 801, 'main': 'Clouds', 'description': 'few clouds', 'icon': '02d'}]",,10000.0,1759849200.0,,,,,Houston,TX,forecast,,,28.25,30.33,28.25,28.25,1018.0,64.0,1018.0,1015.0,1.69,69.0,1.99,12.0,,,,0.0,2025-10-07 15:00:00,0.0,d,,openweather,,,,,
"[{'id': 800, 'main': 'Clear', 'description': 'clear sky', 'icon': '01d'}]",,10000.0,1759860000.0,,,,,Houston,TX,forecast,,,33.22,34.13,33.22,33.22,1016.0,40.0,1016.0,1014.0,2.3,67.0,3.0,9.0,,,,0.0,2025-10-07 18:00:00,0.0,d,,openweather,,,,,
"[{'id': 802, 'main': 'Clouds', 'description': 'scattered clouds', 'icon': '03d'}]",,10000.0,1759870800.0,,,,,Houston,TX,forecast,,,34.0,34.25,34.0,34.0,1014.0,35.0,1014.0,1011.0,2.93,112.0,2.77,35.0,,,,0.0,2025-10-07 21:00:00,0.0,d,,openweather,,,,,
"[{'id': 803, 'main': 'Clouds', 'description': 'broken clouds', 'icon': '04n'}]",,10000.0,1759881600.0,,,,,Houston,TX,forecast,,,31.44,32.36,31.44,31.44,1014.0,45.0,1014.0,1012.0,3.73,133.0,4.29,69.0,,,,0.0,2025-10-08 00:00:00,0.0,n,,openweather,,,,,
,,,,,,,,Seattle,WA,uv_index,,,,,,,,,,,,,,,,,,,,,,,uv_index,47.6062,-122.3321,2025-10-03T12:00:00Z,1759492800.0,3.38
,,,,,,,,New York,NY,uv_index,,,,,,,,,,,,,,,,,,,,,,,uv_index,40.7128,-74.006,2025-10-03T12:00:00Z,1759492800.0,5.22
,,,,,,,,Los Angeles,CA,uv_index,,,,,,,,,,,,,,,,,,,,,,,uv_index,34.0522,-118.2437,2025-10-03T12:00:00Z,1759492800.0,6.39
,,,,,,,,Chicago,IL,uv_index,,,,,,,,,,,,,,,,,,,,,,,uv_index,41.8781,-87.6298,2025-10-03T12:00:00Z,1759492800.0,5.0
,,,,,,,,Houston,TX,uv_index,,,,,,,,,,,,,,,,,,,,,,,uv_index,29.7604,-95.3698,2025-10-03T12:00:00Z,1759492800.0,7.85
