weather,base,visibility,dt,timezone,id,name,cod,location,state,data_type,coord.lon,coord.lat,main.temp,main.feels_like,main.temp_min,main.temp_max,main.pressure,main.humidity,main.sea_level,main.grnd_level,wind.speed,wind.deg,wind.gust,clouds.all,sys.country,sys.sunrise,sys.sunset,pop,dt_txt,main.temp_kf,sys.pod,rain.3h
"[{'id': 802, 'main': 'Clouds', 'description': 'scattered clouds', 'icon': '03n'}]",stations,10000,1759459192,-25200.0,5809844.0,Seattle,200.0,Seattle,WA,current,-122.3321,47.6062,15.52,14.98,15.52,15.52,1017,71,1017,1008,1.78,206,3.45,32,US,1759414204.0,1759456010.0,,,,,
"[{'id': 802, 'main': 'Clouds', 'description': 'scattered clouds', 'icon': '03n'}]",,10000,1759460400,,,,,Seattle,WA,forecast,,,15.52,14.98,15.52,15.52,1017,71,1017,1008,1.78,206,3.45,32,,,,0.0,2025-10-03 03:00:00,0.0,n,
"[{'id': 802, 'main': 'Clouds', 'description': 'scattered clouds', 'icon': '03n'}]",,10000,1759471200,,,,,Seattle,WA,forecast,,,15.32,14.84,14.93,15.32,1018,74,1018,1009,0.51,135,0.73,29,,,,0.0,2025-10-03 06:00:00,0.39,n,
"[{'id': 801, 'main': 'Clouds', 'description': 'few clouds', 'icon': '02n'}]",,10000,1759482000,,,,,Seattle,WA,forecast,,,14.12,13.73,13.42,14.12,1018,82,1018,1009,0.68,200,1.1,13,,,,0.0,2025-10-03 09:00:00,0.7,n,
"[{'id': 800, 'main': 'Clear', 'description': 'clear sky', 'icon': '01n'}]",,10000,1759492800,,,,,Seattle,WA,forecast,,,13.59,13.35,13.59,13.59,1019,90,1019,1010,0.55,134,0.69,1,,,,0.0,2025-10-03 12:00:00,0.0,n,
"[{'id': 800, 'main': 'Clear', 'description': 'clear sky', 'icon': '01d'}]",,10000,1759503600,,,,,Seattle,WA,forecast,,,12.36,12.0,12.36,12.36,1021,90,1021,1011,0.74,177,1.3,3,,,,0.0,2025-10-03 15:00:00,0.0,d,
"[{'id': 800, 'main': 'Clear', 'description': 'clear sky', 'icon': '01d'}]",,10000,1759514400,,,,,Seattle,WA,forecast,,,15.96,15.23,15.96,15.96,1020,62,1020,1010,1.55,205,1.84,2,,,,0.0,2025-10-03 18:00:00,0.0,d,
"[{'id': 802, 'main': 'Clouds', 'description': 'scattered clouds', 'icon': '03d'}]",,10000,1759525200,,,,,Seattle,WA,forecast,,,19.97,19.25,19.97,19.97,1019,47,1019,1009,1.61,230,1.74,39,,,,0.0,2025-10-03 21:00:00,0.0,d,
"[{'id': 803, 'main': 'Clouds', 'description': 'broken clouds', 'icon': '04d'}]",,10000,1759536000,,,,,Seattle,WA,forecast,,,19.62,18.89,19.62,19.62,1018,48,1018,1008,1.13,284,1.38,56,,,,0.0,2025-10-04 00:00:00,0.0,d,
"[{'id': 803, 'main': 'Clouds', 'description': 'broken clouds', 'icon': '04n'}]",,10000,1759546800,,,,,Seattle,WA,forecast,,,15.4,14.69,15.4,15.4,1018,65,1018,1009,1.56,6,2.93,76,,,,0.0,2025-10-04 03:00:00,0.0,n,
"[{'id': 804, 'main': 'Clouds', 'description': 'overcast clouds', 'icon': '04n'}]",,10000,1759557600,,,,,Seattle,WA,forecast,,,15.28,14.56,15.28,15.28,1019,65,1019,1009,0.74,47,2.35,88,,,,0.0,2025-10-04 06:00:00,0.0,n,
"[{'id': 804, 'main': 'Clouds', 'description': 'overcast clouds', 'icon': '04n'}]",,10000,1759568400,,,,,Seattle,WA,forecast,,,14.1,13.58,14.1,14.1,1019,77,1019,1009,1.33,119,1.75,100,,,,0.0,2025-10-04 09:00:00,0.0,n,
"[{'id': 804, 'main': 'Clouds', 'description': 'overcast clouds', 'icon': '04n'}]",,10000,1759579200,,,,,Seattle,WA,forecast,,,12.91,12.5,12.91,12.91,1019,86,1019,1009,0.87,109,1.8,100,,,,0.0,2025-10-04 12:00:00,0.0,n,
"[{'id': 804, 'main': 'Clouds', 'description': 'overcast clouds', 'icon': '04d'}]",,10000,1759590000,,,,,Seattle,WA,forecast,,,13.02,12.6,13.02,13.02,1019,85,1019,1009,0.97,45,1.52,86,,,,0.0,2025-10-04 15:00:00,0.0,d,
"[{'id': 804, 'main': 'Clouds', 'description': 'overcast clouds', 'icon': '04d'}]",,10000,1759600800,,,,,Seattle,WA,forecast,,,15.39,14.86,15.39,15.39,1019,72,1019,1010,1.49,78,0.7,90,,,,0.0,2025-10-04 18:00:00,0.0,d,
"[{'id': 500, 'main': 'Rain', 'description': 'light rain', 'icon': '10d'}]",,10000,1759611600,,,,,Seattle,WA,forecast,,,17.71,17.05,17.71,17.71,1018,58,1018,1009,1.31,20,1.42,99,,,,0.2,2025-10-04 21:00:00,0.0,d,0.17
"[{'id': 804, 'main': 'Clouds', 'description': 'overcast clouds', 'icon': '04d'}]",,10000,1759622400,,,,,Seattle,WA,forecast,,,17.44,16.7,17.44,17.44,1018,56,1018,1008,1.47,342,1.86,99,,,,0.0,2025-10-05 00:00:00,0.0,d,
"[{'id': 802, 'main': 'Clouds', 'description': 'scattered clouds', 'icon': '03n'}]",,10000,1759633200,,,,,Seattle,WA,forecast,,,12.57,11.97,12.57,12.57,1018,80,1018,1009,1.83,355,2.69,41,,,,0.0,2025-10-05 03:00:00,0.0,n,
"[{'id': 802, 'main': 'Clouds', 'description': 'scattered clouds', 'icon': '03n'}]",,10000,1759644000,,,,,Seattle,WA,forecast,,,11.6,11.04,11.6,11.6,1019,85,1019,1009,1.67,10,2.65,40,,,,0.0,2025-10-05 06:00:00,0.0,n,
"[{'id': 804, 'main': 'Clouds', 'description': 'overcast clouds', 'icon': '04n'}]",,10000,1759654800,,,,,Seattle,WA,forecast,,,10.64,10.08,10.64,10.64,1019,89,1019,1009,1.7,12,3.49,92,,,,0.0,2025-10-05 09:00:00,0.0,n,
"[{'id': 804, 'main': 'Clouds', 'description': 'overcast clouds', 'icon': '04n'}]",,10000,1759665600,,,,,Seattle,WA,forecast,,,9.98,9.53,9.98,9.98,1019,91,1019,1009,1.6,32,3.56,92,,,,0.0,2025-10-05 12:00:00,0.0,n,
"[{'id': 801, 'main': 'Clouds', 'description': 'few clouds', 'icon': '02d'}]",,10000,1759676400,,,,,Seattle,WA,forecast,,,9.99,9.26,9.99,9.99,1019,90,1019,1009,1.9,26,6.23,13,,,,0.0,2025-10-05 15:00:00,0.0,d,
"[{'id': 801, 'main': 'Clouds', 'description': 'few clouds', 'icon': '02d'}]",,10000,1759687200,,,,,Seattle,WA,forecast,,,15.26,14.62,15.26,15.26,1019,68,1019,1010,3.56,6,5.32,17,,,,0.0,2025-10-05 18:00:00,0.0,d,
"[{'id': 800, 'main': 'Clear', 'description': 'clear sky', 'icon': '01d'}]",,10000,1759698000,,,,,Seattle,WA,forecast,,,17.7,16.86,17.7,17.7,1018,51,1018,1008,3.65,350,4.6,7,,,,0.0,2025-10-05 21:00:00,0.0,d,
"[{'id': 800, 'main': 'Clear', 'description': 'clear sky', 'icon': '01d'}]",,10000,1759708800,,,,,Seattle,WA,forecast,,,17.09,16.16,17.09,17.09,1017,50,1017,1007,3.33,347,4.85,3,,,,0.0,2025-10-06 00:00:00,0.0,d,
"[{'id': 800, 'main': 'Clear', 'description': 'clear sky', 'icon': '01n'}]",,10000,1759719600,,,,,Seattle,WA,forecast,,,12.67,11.79,12.67,12.67,1017,69,1017,1007,2.03,18,4.12,0,,,,0.0,2025-10-06 03:00:00,0.0,n,
"[{'id': 800, 'main': 'Clear', 'description': 'clear sky', 'icon': '01n'}]",,10000,1759730400,,,,,Seattle,WA,forecast,,,11.26,10.4,11.26,11.26,1018,75,1018,1008,1.4,24,1.53,2,,,,0.0,2025-10-06 06:00:00,0.0,n,
"[{'id': 801, 'main': 'Clouds', 'description': 'few clouds', 'icon': '02n'}]",,10000,1759741200,,,,,Seattle,WA,forecast,,,10.23,9.4,10.23,10.23,1018,80,1018,1008,1.09,28,1.04,11,,,,0.0,2025-10-06 09:00:00,0.0,n,
"[{'id': 800, 'main': 'Clear', 'description': 'clear sky', 'icon': '01n'}]",,10000,1759752000,,,,,Seattle,WA,forecast,,,9.58,9.25,9.58,9.58,1018,86,1018,1008,1.43,18,1.39,7,,,,0.0,2025-10-06 12:00:00,0.0,n,
"[{'id': 801, 'main': 'Clouds', 'description': 'few clouds', 'icon': '02d'}]",,10000,1759762800,,,,,Seattle,WA,forecast,,,9.66,9.66,9.66,9.66,1018,78,1018,1009,0.98,16,1.19,12,,,,0.0,2025-10-06 15:00:00,0.0,d,
"[{'id': 801, 'main': 'Clouds', 'description': 'few clouds', 'icon': '02d'}]",,10000,1759773600,,,,,Seattle,WA,forecast,,,16.92,15.79,16.92,16.92,1019,43,1019,1009,1.6,1,2.0,21,,,,0.0,2025-10-06 18:00:00,0.0,d,
"[{'id': 803, 'main': 'Clouds', 'description': 'broken clouds', 'icon': '04d'}]",,10000,1759784400,,,,,Seattle,WA,forecast,,,20.44,19.27,20.44,20.44,1017,28,1017,1008,2.13,343,2.31,67,,,,0.0,2025-10-06 21:00:00,0.0,d,
"[{'id': 803, 'main': 'Clouds', 'description': 'broken clouds', 'icon': '04d'}]",,10000,1759795200,,,,,Seattle,WA,forecast,,,19.81,18.73,19.81,19.81,1016,34,1016,1007,2.8,345,3.99,53,,,,0.0,2025-10-07 00:00:00,0.0,d,
"[{'id': 800, 'main': 'Clear', 'description': 'clear sky', 'icon': '01n'}]",,10000,1759806000,,,,,Seattle,WA,forecast,,,13.44,12.17,13.44,13.44,1017,51,1017,1007,2.35,5,4.57,6,,,,0.0,2025-10-07 03:00:00,0.0,n,
"[{'id': 800, 'main': 'Clear', 'description': 'clear sky', 'icon': '01n'}]",,10000,1759816800,,,,,Seattle,WA,forecast,,,11.65,10.31,11.65,11.65,1017,55,1017,1007,1.74,14,2.32,5,,,,0.0,2025-10-07 06:00:00,0.0,n,
"[{'id': 800, 'main': 'Clear', 'description': 'clear sky', 'icon': '01n'}]",,10000,1759827600,,,,,Seattle,WA,forecast,,,10.74,9.46,10.74,10.74,1017,61,1017,1007,1.24,24,1.23,0,,,,0.0,2025-10-07 09:00:00,0.0,n,
"[{'id': 800, 'main': 'Clear', 'description': 'clear sky', 'icon': '01n'}]",,10000,1759838400,,,,,Seattle,WA,forecast,,,9.83,9.83,9.83,9.83,1017,65,1017,1007,1.26,22,1.28,0,,,,0.0,2025-10-07 12:00:00,0.0,n,
"[{'id': 800, 'main': 'Clear', 'description': 'clear sky', 'icon': '01d'}]",,10000,1759849200,,,,,Seattle,WA,forecast,,,9.97,9.97,9.97,9.97,1016,63,1016,1007,1.13,33,1.3,0,,,,0.0,2025-10-07 15:00:00,0.0,d,
"[{'id': 800, 'main': 'Clear', 'description': 'clear sky', 'icon': '01d'}]",,10000,1759860000,,,,,Seattle,WA,forecast,,,17.82,16.57,17.82,17.82,1016,35,1016,1006,1.25,6,1.37,0,,,,0.0,2025-10-07 18:00:00,0.0,d,
"[{'id': 800, 'main': 'Clear', 'description': 'clear sky', 'icon': '01d'}]",,10000,1759870800,,,,,Seattle,WA,forecast,,,22.7,21.65,22.7,22.7,1014,24,1014,1004,1.56,346,1.47,0,,,,0.0,2025-10-07 21:00:00,0.0,d,
"[{'id': 800, 'main': 'Clear', 'description': 'clear sky', 'icon': '01d'}]",,10000,1759881600,,,,,Seattle,WA,forecast,,,21.44,20.45,21.44,21.44,1013,31,1013,1003,2.1,331,2.86,0,,,,0.0,2025-10-08 00:00:00,0.0,d,
"[{'id': 804, 'main': 'Clouds', 'description': 'overcast clouds', 'icon': '04n'}]",stations,10000,1759458589,-14400.0,5128581.0,New York,200.0,New York,NY,current,-74.006,40.7127,14.34,13.58,14.34,14.34,1031,67,1031,1030,3.22,160,3.48,99,US,1759402417.0,1759444605.0,,,,,
"[{'id': 804, 'main': 'Clouds', 'description': 'overcast clouds', 'icon': '04n'}]",,10000,1759460400,,,,,New York,NY,forecast,,,14.41,13.55,14.41,14.41,1031,63,1031,1030,2.92,168,3.53,99,,,,0.0,2025-10-03 03:00:00,0.0,n,
"[{'id': 804, 'main': 'Clouds', 'description': 'overcast clouds', 'icon': '04n'}]",,10000,1759471200,,,,,New York,NY,forecast,,,14.56,13.69,14.56,14.87,1031,62,1031,1029,2.25,214,3.55,98,,,,0.0,2025-10-03 06:00:00,-0.31,n,
"[{'id': 804, 'main': 'Clouds', 'description': 'overcast clouds', 'icon': '04n'}]",,10000,1759482000,,,,,New York,NY,forecast,,,14.08,13.16,13.91,14.08,1030,62,1030,1028,2.4,270,3.17,100,,,,0.0,2025-10-03 09:00:00,0.17,n,
"[{'id': 804, 'main': 'Clouds', 'description': 'overcast clouds', 'icon': '04d'}]",,10000,1759492800,,,,,New York,NY,forecast,,,14.82,13.92,14.82,14.82,1030,60,1030,1029,2.01,265,2.65,89,,,,0.0,2025-10-03 12:00:00,0.0,d,
"[{'id': 803, 'main': 'Clouds', 'description': 'broken clouds', 'icon': '04d'}]",,10000,1759503600,,,,,New York,NY,forecast,,,18.49,17.54,18.49,18.49,1030,44,1030,1028,2.81,239,3.42,74,,,,0.0,2025-10-03 15:00:00,0.0,d,
"[{'id': 802, 'main': 'Clouds', 'description': 'scattered clouds', 'icon': '03d'}]",,10000,1759514400,,,,,New York,NY,forecast,,,21.36,20.44,21.36,21.36,1027,34,1027,1025,3.29,211,4.28,44,,,,0.0,2025-10-03 18:00:00,0.0,d,
"[{'id': 800, 'main': 'Clear', 'description': 'clear sky', 'icon': '01d'}]",,10000,1759525200,,,,,New York,NY,forecast,,,21.81,21.04,21.81,21.81,1025,38,1025,1023,3.4,184,4.29,0,,,,0.0,2025-10-03 21:00:00,0.0,d,
"[{'id': 800, 'main': 'Clear', 'description': 'clear sky', 'icon': '01n'}]",,10000,1759536000,,,,,New York,NY,forecast,,,20.62,19.91,20.62,20.62,1025,45,1025,1023,1.81,212,3.39,3,,,,0.0,2025-10-04 00:00:00,0.0,n,
"[{'id': 801, 'main': 'Clouds', 'description': 'few clouds', 'icon': '02n'}]",,10000,1759546800,,,,,New York,NY,forecast,,,18.8,18.15,18.8,18.8,1025,54,1025,1023,3.3,238,6.33,11,,,,0.0,2025-10-04 03:00:00,0.0,n,
"[{'id': 800, 'main': 'Clear', 'description': 'clear sky', 'icon': '01n'}]",,10000,1759557600,,,,,New York,NY,forecast,,,17.47,16.84,17.47,17.47,1024,60,1024,1023,3.82,253,7.92,5,,,,0.0,2025-10-04 06:00:00,0.0,n,
"[{'id': 800, 'main': 'Clear', 'description': 'clear sky', 'icon': '01n'}]",,10000,1759568400,,,,,New York,NY,forecast,,,16.51,15.89,16.51,16.51,1024,64,1024,1022,3.57,255,6.56,0,,,,0.0,2025-10-04 09:00:00,0.0,n,
"[{'id': 800, 'main': 'Clear', 'description': 'clear sky', 'icon': '01d'}]",,10000,1759579200,,,,,New York,NY,forecast,,,16.63,16.05,16.63,16.63,1024,65,1024,1023,3.16,264,4.6,0,,,,0.0,2025-10-04 12:00:00,0.0,d,
"[{'id': 800, 'main': 'Clear', 'description': 'clear sky', 'icon': '01d'}]",,10000,1759590000,,,,,New York,NY,forecast,,,21.76,21.19,21.76,21.76,1024,46,1024,1023,2.4,278,3.35,3,,,,0.0,2025-10-04 15:00:00,0.0,d,
"[{'id': 800, 'main': 'Clear', 'description': 'clear sky', 'icon': '01d'}]",,10000,1759600800,,,,,New York,NY,forecast,,,25.95,25.95,25.95,25.95,1022,38,1022,1021,1.27,232,2.26,4,,,,0.0,2025-10-04 18:00:00,0.0,d,
"[{'id': 800, 'main': 'Clear', 'description': 'clear sky', 'icon': '01d'}]",,10000,1759611600,,,,,New York,NY,forecast,,,25.36,25.07,25.36,25.36,1022,43,1022,1020,4.25,172,3.86,9,,,,0.0,2025-10-04 21:00:00,0.0,d,
"[{'id': 801, 'main': 'Clouds', 'description': 'few clouds', 'icon': '02n'}]",,10000,1759622400,,,,,New York,NY,forecast,,,23.05,22.93,23.05,23.05,1022,58,1022,1021,1.34,187,1.89,16,,,,0.0,2025-10-05 00:00:00,0.0,n,
"[{'id': 803, 'main': 'Clouds', 'description': 'broken clouds', 'icon': '04n'}]",,10000,1759633200,,,,,New York,NY,forecast,,,22.08,21.73,22.08,22.08,1023,53,1023,1022,2.23,258,2.47,69,,,,0.0,2025-10-05 03:00:00,0.0,n,
"[{'id': 802, 'main': 'Clouds', 'description': 'scattered clouds', 'icon': '03n'}]",,10000,1759644000,,,,,New York,NY,forecast,,,20.39,20.0,20.39,20.39,1024,58,1024,1022,2.87,249,4.44,50,,,,0.0,2025-10-05 06:00:00,0.0,n,
"[{'id': 800, 'main': 'Clear', 'description': 'clear sky', 'icon': '01n'}]",,10000,1759654800,,,,,New York,NY,forecast,,,19.29,18.89,19.29,19.29,1024,62,1024,1023,2.38,260,3.16,5,,,,0.0,2025-10-05 09:00:00,0.0,n,
"[{'id': 800, 'main': 'Clear', 'description': 'clear sky', 'icon': '01d'}]",,10000,1759665600,,,,,New York,NY,forecast,,,19.4,18.96,19.4,19.4,1026,60,1026,1024,1.62,272,1.96,4,,,,0.0,2025-10-05 12:00:00,0.0,d,
"[{'id': 800, 'main': 'Clear', 'description': 'clear sky', 'icon': '01d'}]",,10000,1759676400,,,,,New York,NY,forecast,,,23.8,23.41,23.8,23.8,1026,45,1026,1025,1.92,240,2.37,0,,,,0.0,2025-10-05 15:00:00,0.0,d,
"[{'id': 800, 'main': 'Clear', 'description': 'clear sky', 'icon': '01d'}]",,10000,1759687200,,,,,New York,NY,forecast,,,26.28,26.28,26.28,26.28,1025,38,1025,1023,3.48,180,3.76,0,,,,0.0,2025-10-05 18:00:00,0.0,d,
"[{'id': 800, 'main': 'Clear', 'description': 'clear sky', 'icon': '01d'}]",,10000,1759698000,,,,,New York,NY,forecast,,,24.53,24.27,24.53,24.53,1024,47,1024,1023,5.02,156,5.16,0,,,,0.0,2025-10-05 21:00:00,0.0,d,
"[{'id': 800, 'main': 'Clear', 'description': 'clear sky', 'icon': '01n'}]",,10000,1759708800,,,,,New York,NY,forecast,,,22.23,22.15,22.23,22.23,1025,63,1025,1023,4.6,175,7.81,0,,,,0.0,2025-10-06 00:00:00,0.0,n,
"[{'id': 800, 'main': 'Clear', 'description': 'clear sky', 'icon': '01n'}]",,10000,1759719600,,,,,New York,NY,forecast,,,20.89,20.65,20.89,20.89,1025,62,1025,1024,3.45,212,7.52,0,,,,0.0,2025-10-06 03:00:00,0.0,n,
"[{'id': 800, 'main': 'Clear', 'description': 'clear sky', 'icon': '01n'}]",,10000,1759730400,,,,,New York,NY,forecast,,,19.62,19.26,19.62,19.62,1026,62,1026,1024,3.05,226,5.93,0,,,,0.0,2025-10-06 06:00:00,0.0,n,
"[{'id': 800, 'main': 'Clear', 'description': 'clear sky', 'icon': '01n'}]",,10000,1759741200,,,,,New York,NY,forecast,,,18.54,18.17,18.54,18.54,1026,66,1026,1024,2.33,229,4.28,0,,,,0.0,2025-10-06 09:00:00,0.0,n,
"[{'id': 800, 'main': 'Clear', 'description': 'clear sky', 'icon': '01d'}]",,10000,1759752000,,,,,New York,NY,forecast,,,18.47,18.12,18.47,18.47,1026,67,1026,1025,2.73,241,4.15,0,,,,0.0,2025-10-06 12:00:00,0.0,d,
"[{'id': 800, 'main': 'Clear', 'description': 'clear sky', 'icon': '01d'}]",,10000,1759762800,,,,,New York,NY,forecast,,,22.8,22.31,22.8,22.8,1026,45,1026,1025,3.25,232,4.6,0,,,,0.0,2025-10-06 15:00:00,0.0,d,
"[{'id': 800, 'main': 'Clear', 'description': 'clear sky', 'icon': '01d'}]",,10000,1759773600,,,,,New York,NY,forecast,,,25.65,25.32,25.65,25.65,1025,40,1025,1023,3.64,190,4.91,0,,,,0.0,2025-10-06 18:00:00,0.0,d,
"[{'id': 800, 'main': 'Clear', 'description': 'clear sky', 'icon': '01d'}]",,10000,1759784400,,,,,New York,NY,forecast,,,23.27,23.06,23.27,23.27,1024,54,1024,1022,5.55,157,5.71,0,,,,0.0,2025-10-06 21:00:00,0.0,d,
"[{'id': 800, 'main': 'Clear', 'description': 'clear sky', 'icon': '01n'}]",,10000,1759795200,,,,,New York,NY,forecast,,,22.09,22.05,22.09,22.09,1024,65,1024,1023,3.9,177,6.04,0,,,,0.0,2025-10-07 00:00:00,0.0,n,
"[{'id': 800, 'main': 'Clear', 'description': 'clear sky', 'icon': '01n'}]",,10000,1759806000,,,,,New York,NY,forecast,,,20.82,20.58,20.82,20.82,1024,62,1024,1023,4.64,219,8.95,0,,,,0.0,2025-10-07 03:00:00,0.0,n,
"[{'id': 800, 'main': 'Clear', 'description': 'clear sky', 'icon': '01n'}]",,10000,1759816800,,,,,New York,NY,forecast,,,19.65,19.45,19.65,19.65,1024,68,1024,1023,3.5,231,7.85,0,,,,0.0,2025-10-07 06:00:00,0.0,n,
"[{'id': 802, 'main': 'Clouds', 'description': 'scattered clouds', 'icon': '03n'}]",,10000,1759827600,,,,,New York,NY,forecast,,,18.9,18.73,18.9,18.9,1024,72,1024,1022,3.11,241,8.29,35,,,,0.0,2025-10-07 09:00:00,0.0,n,
"[{'id': 803, 'main': 'Clouds', 'description': 'broken clouds', 'icon': '04d'}]",,10000,1759838400,,,,,New York,NY,forecast,,,18.83,18.81,18.83,18.83,1024,78,1024,1022,3.31,228,6.82,67,,,,0.0,2025-10-07 12:00:00,0.0,d,
"[{'id': 804, 'main': 'Clouds', 'description': 'overcast clouds', 'icon': '04d'}]",,10000,1759849200,,,,,New York,NY,forecast,,,22.85,22.97,22.85,22.85,1024,68,1024,1022,4.05,212,6.54,100,,,,0.0,2025-10-07 15:00:00,0.0,d,
"[{'id': 803, 'main': 'Clouds', 'description': 'broken clouds', 'icon': '04d'}]",,10000,1759860000,,,,,New York,NY,forecast,,,26.86,27.29,26.86,26.86,1021,50,1021,1019,4.88,205,6.73,84,,,,0.0,2025-10-07 18:00:00,0.0,d,
"[{'id': 803, 'main': 'Clouds', 'description': 'broken clouds', 'icon': '04d'}]",,10000,1759870800,,,,,New York,NY,forecast,,,27.19,27.47,27.19,27.19,1019,48,1019,1018,4.09,235,6.41,58,,,,0.0,2025-10-07 21:00:00,0.0,d,
"[{'id': 803, 'main': 'Clouds', 'description': 'broken clouds', 'icon': '04n'}]",,10000,1759881600,,,,,New York,NY,forecast,,,24.23,24.33,24.23,24.23,1020,62,1020,1019,6.24,202,9.87,79,,,,0.0,2025-10-08 00:00:00,0.0,n,
"[{'id': 800, 'main': 'Clear', 'description': 'clear sky', 'icon': '01n'}]",stations,10000,1759459049,-25200.0,5368361.0,Los Angeles,200.0,Los Angeles,CA,current,-118.2437,34.0522,20.94,20.94,20.94,20.94,1015,71,1015,995,2.79,216,3.21,2,US,1759412897.0,1759455355.0,,,,,
"[{'id': 800, 'main': 'Clear', 'description': 'clear sky', 'icon': '01n'}]",,10000,1759460400,,,,,Los Angeles,CA,forecast,,,21.17,21.17,21.17,21.17,1014,70,1014,995,2.79,216,3.21,2,,,,0.0,2025-10-03 03:00:00,0.0,n,
"[{'id': 800, 'main': 'Clear', 'description': 'clear sky', 'icon': '01n'}]",,10000,1759471200,,,,,Los Angeles,CA,forecast,,,20.31,20.28,18.58,20.31,1014,72,1014,996,1.72,203,2.09,2,,,,0.0,2025-10-03 06:00:00,1.73,n,
"[{'id': 802, 'main': 'Clouds', 'description': 'scattered clouds', 'icon': '03n'}]",,10000,1759482000,,,,,Los Angeles,CA,forecast,,,18.34,18.24,16.92,18.34,1015,77,1015,996,1.93,143,2.4,44,,,,0.0,2025-10-03 09:00:00,1.42,n,
"[{'id': 500, 'main': 'Rain', 'description': 'light rain', 'icon': '10n'}]",,10000,1759492800,,,,,Los Angeles,CA,forecast,,,16.54,16.36,16.54,16.54,1015,81,1015,995,1.9,149,1.97,84,,,,0.2,2025-10-03 12:00:00,0.0,n,0.13
"[{'id': 500, 'main': 'Rain', 'description': 'light rain', 'icon': '10d'}]",,10000,1759503600,,,,,Los Angeles,CA,forecast,,,18.69,18.76,18.69,18.69,1015,82,1015,996,2.87,170,3.3,88,,,,0.2,2025-10-03 15:00:00,0.0,d,0.21
"[{'id': 500, 'main': 'Rain', 'description': 'light rain', 'icon': '10d'}]",,10000,1759514400,,,,,Los Angeles,CA,forecast,,,22.52,22.6,22.52,22.52,1016,68,1016,996,2.39,167,2.23,97,,,,0.2,2025-10-03 18:00:00,0.0,d,0.16
"[{'id': 802, 'main': 'Clouds', 'description': 'scattered clouds', 'icon': '03d'}]",,10000,1759525200,,,,,Los Angeles,CA,forecast,,,23.84,23.48,23.84,23.84,1014,46,1014,995,3.84,215,2.86,34,,,,0.0,2025-10-03 21:00:00,0.0,d,
"[{'id': 801, 'main': 'Clouds', 'description': 'few clouds', 'icon': '02d'}]",,10000,1759536000,,,,,Los Angeles,CA,forecast,,,23.11,22.65,23.11,23.11,1012,45,1012,993,4.68,236,4.05,18,,,,0.0,2025-10-04 00:00:00,0.0,d,
"[{'id': 800, 'main': 'Clear', 'description': 'clear sky', 'icon': '01n'}]",,10000,1759546800,,,,,Los Angeles,CA,forecast,,,20.78,20.32,20.78,20.78,1013,54,1013,994,3.06,229,3.09,10,,,,0.0,2025-10-04 03:00:00,0.0,n,
"[{'id': 800, 'main': 'Clear', 'description': 'clear sky', 'icon': '01n'}]",,10000,1759557600,,,,,Los Angeles,CA,forecast,,,20.54,19.96,20.54,20.54,1013,50,1013,994,1.85,89,3.39,5,,,,0.0,2025-10-04 06:00:00,0.0,n,
"[{'id': 800, 'main': 'Clear', 'description': 'clear sky', 'icon': '01n'}]",,10000,1759568400,,,,,Los Angeles,CA,forecast,,,19.13,18.59,19.13,19.13,1013,57,1013,994,2.22,119,3.04,0,,,,0.0,2025-10-04 09:00:00,0.0,n,
"[{'id': 800, 'main': 'Clear', 'description': 'clear sky', 'icon': '01n'}]",,10000,1759579200,,,,,Los Angeles,CA,forecast,,,18.04,17.57,18.04,18.04,1013,64,1013,993,2.11,173,2.57,0,,,,0.0,2025-10-04 12:00:00,0.0,n,
"[{'id': 800, 'main': 'Clear', 'description': 'clear sky', 'icon': '01d'}]",,10000,1759590000,,,,,Los Angeles,CA,forecast,,,18.03,17.64,18.03,18.03,1014,67,1014,994,1.91,176,1.68,0,,,,0.0,2025-10-04 15:00:00,0.0,d,
"[{'id': 800, 'main': 'Clear', 'description': 'clear sky', 'icon': '01d'}]",,10000,1759600800,,,,,Los Angeles,CA,forecast,,,21.38,20.85,21.38,21.38,1014,49,1014,995,1.36,252,0.92,0,,,,0.0,2025-10-04 18:00:00,0.0,d,
"[{'id': 800, 'main': 'Clear', 'description': 'clear sky', 'icon': '01d'}]",,10000,1759611600,,,,,Los Angeles,CA,forecast,,,25.57,24.97,25.57,25.57,1010,30,1010,991,3.46,247,2.5,0,,,,0.0,2025-10-04 21:00:00,0.0,d,
"[{'id': 800, 'main': 'Clear', 'description': 'clear sky', 'icon': '01d'}]",,10000,1759622400,,,,,Los Angeles,CA,forecast,,,22.28,21.79,22.28,22.28,1009,47,1009,990,5.2,235,4.71,0,,,,0.0,2025-10-05 00:00:00,0.0,d,
"[{'id': 800, 'main': 'Clear', 'description': 'clear sky', 'icon': '01n'}]",,10000,1759633200,,,,,Los Angeles,CA,forecast,,,20.96,20.55,20.96,20.96,1009,55,1009,990,2.81,244,2.87,0,,,,0.0,2025-10-05 03:00:00,0.0,n,
"[{'id': 800, 'main': 'Clear', 'description': 'clear sky', 'icon': '01n'}]",,10000,1759644000,,,,,Los Angeles,CA,forecast,,,20.39,19.87,20.39,20.39,1009,53,1009,990,1.56,166,1.61,0,,,,0.0,2025-10-05 06:00:00,0.0,n,
"[{'id': 800, 'main': 'Clear', 'description': 'clear sky', 'icon': '01n'}]",,10000,1759654800,,,,,Los Angeles,CA,forecast,,,20.0,19.47,20.0,20.0,1009,54,1009,990,1.46,135,1.88,0,,,,0.0,2025-10-05 09:00:00,0.0,n,
"[{'id': 800, 'main': 'Clear', 'description': 'clear sky', 'icon': '01n'}]",,10000,1759665600,,,,,Los Angeles,CA,forecast,,,18.99,18.59,18.99,18.99,1009,63,1009,989,1.55,139,2.11,0,,,,0.0,2025-10-05 12:00:00,0.0,n,
"[{'id': 800, 'main': 'Clear', 'description': 'clear sky', 'icon': '01d'}]",,10000,1759676400,,,,,Los Angeles,CA,forecast,,,18.87,18.51,18.87,18.87,1009,65,1009,990,1.92,130,2.38,0,,,,0.0,2025-10-05 15:00:00,0.0,d,
"[{'id': 800, 'main': 'Clear', 'description': 'clear sky', 'icon': '01d'}]",,10000,1759687200,,,,,Los Angeles,CA,forecast,,,22.39,21.99,22.39,22.39,1010,50,1010,990,2.95,155,2.67,0,,,,0.0,2025-10-05 18:00:00,0.0,d,
"[{'id': 800, 'main': 'Clear', 'description': 'clear sky', 'icon': '01d'}]",,10000,1759698000,,,,,Los Angeles,CA,forecast,,,25.02,24.65,25.02,25.02,1008,41,1008,989,3.9,178,2.82,0,,,,0.0,2025-10-05 21:00:00,0.0,d,
"[{'id': 800, 'main': 'Clear', 'description': 'clear sky', 'icon': '01d'}]",,10000,1759708800,,,,,Los Angeles,CA,forecast,,,23.9,23.55,23.9,23.9,1007,46,1007,988,3.64,183,2.49,0,,,,0.0,2025-10-06 00:00:00,0.0,d,
"[{'id': 800, 'main': 'Clear', 'description': 'clear sky', 'icon': '01n'}]",,10000,1759719600,,,,,Los Angeles,CA,forecast,,,20.58,20.29,20.58,20.58,1008,61,1008,989,3.04,152,2.47,0,,,,0.0,2025-10-06 03:00:00,0.0,n,
"[{'id': 800, 'main': 'Clear', 'description': 'clear sky', 'icon': '01n'}]",,10000,1759730400,,,,,Los Angeles,CA,forecast,,,19.12,18.89,19.12,19.12,1009,69,1009,989,2.78,140,3.06,1,,,,0.0,2025-10-06 06:00:00,0.0,n,
"[{'id': 800, 'main': 'Clear', 'description': 'clear sky', 'icon': '01n'}]",,10000,1759741200,,,,,Los Angeles,CA,forecast,,,18.21,18.02,18.21,18.21,1009,74,1009,989,2.68,144,3.07,1,,,,0.0,2025-10-06 09:00:00,0.0,n,
"[{'id': 801, 'main': 'Clouds', 'description': 'few clouds', 'icon': '02n'}]",,10000,1759752000,,,,,Los Angeles,CA,forecast,,,17.75,17.49,17.75,17.75,1009,73,1009,990,2.16,136,2.78,23,,,,0.0,2025-10-06 12:00:00,0.0,n,
"[{'id': 803, 'main': 'Clouds', 'description': 'broken clouds', 'icon': '04d'}]",,10000,1759762800,,,,,Los Angeles,CA,forecast,,,18.07,17.73,18.07,18.07,1010,69,1010,990,2.41,133,2.8,74,,,,0.0,2025-10-06 15:00:00,0.0,d,
"[{'id': 803, 'main': 'Clouds', 'description': 'broken clouds', 'icon': '04d'}]",,10000,1759773600,,,,,Los Angeles,CA,forecast,,,20.49,20.11,20.49,20.49,1010,58,1010,991,2.59,161,2.51,73,,,,0.0,2025-10-06 18:00:00,0.0,d,
"[{'id': 800, 'main': 'Clear', 'description': 'clear sky', 'icon': '01d'}]",,10000,1759784400,,,,,Los Angeles,CA,forecast,,,23.61,23.18,23.61,23.61,1008,44,1008,989,3.74,203,2.5,9,,,,0.0,2025-10-06 21:00:00,0.0,d,
"[{'id': 800, 'main': 'Clear', 'description': 'clear sky', 'icon': '01d'}]",,10000,1759795200,,,,,Los Angeles,CA,forecast,,,22.29,21.88,22.29,22.29,1008,50,1008,989,4.0,233,2.46,4,,,,0.0,2025-10-07 00:00:00,0.0,d,
"[{'id': 800, 'main': 'Clear', 'description': 'clear sky', 'icon': '01n'}]",,10000,1759806000,,,,,Los Angeles,CA,forecast,,,19.0,18.71,19.0,19.0,1010,67,1010,991,2.84,234,2.82,0,,,,0.0,2025-10-07 03:00:00,0.0,n,
"[{'id': 800, 'main': 'Clear', 'description': 'clear sky', 'icon': '01n'}]",,10000,1759816800,,,,,Los Angeles,CA,forecast,,,18.36,18.13,18.36,18.36,1011,72,1011,991,1.89,234,1.69,0,,,,0.0,2025-10-07 06:00:00,0.0,n,
"[{'id': 800, 'main': 'Clear', 'description': 'clear sky', 'icon': '01n'}]",,10000,1759827600,,,,,Los Angeles,CA,forecast,,,17.92,17.67,17.92,17.92,1011,73,1011,991,1.21,224,1.14,1,,,,0.0,2025-10-07 09:00:00,0.0,n,
"[{'id': 800, 'main': 'Clear', 'description': 'clear sky', 'icon': '01n'}]",,10000,1759838400,,,,,Los Angeles,CA,forecast,,,17.68,17.44,17.68,17.68,1011,74,1011,991,1.11,241,0.98,0,,,,0.0,2025-10-07 12:00:00,0.0,n,
"[{'id': 800, 'main': 'Clear', 'description': 'clear sky', 'icon': '01d'}]",,10000,1759849200,,,,,Los Angeles,CA,forecast,,,17.86,17.61,17.86,17.86,1012,73,1012,993,1.05,223,0.83,0,,,,0.0,2025-10-07 15:00:00,0.0,d,
"[{'id': 800, 'main': 'Clear', 'description': 'clear sky', 'icon': '01d'}]",,10000,1759860000,,,,,Los Angeles,CA,forecast,,,21.09,20.82,21.09,21.09,1013,60,1013,993,2.18,207,1.33,1,,,,0.0,2025-10-07 18:00:00,0.0,d,
"[{'id': 800, 'main': 'Clear', 'description': 'clear sky', 'icon': '01d'}]",,10000,1759870800,,,,,Los Angeles,CA,forecast,,,23.44,23.2,23.44,23.44,1011,52,1011,992,3.99,232,2.27,2,,,,0.0,2025-10-07 21:00:00,0.0,d,
"[{'id': 800, 'main': 'Clear', 'description': 'clear sky', 'icon': '01d'}]",,10000,1759881600,,,,,Los Angeles,CA,forecast,,,21.62,21.35,21.62,21.62,1011,58,1011,992,4.15,236,3.12,1,,,,0.0,2025-10-08 00:00:00,0.0,d,
"[{'id': 800, 'main': 'Clear', 'description': 'clear sky', 'icon': '01n'}]",stations,10000,1759459262,-18000.0,4887398.0,Chicago,200.0,Chicago,IL,current,-87.6298,41.8781,19.91,19.6,19.91,19.91,1022,63,1022,1001,3.47,139,7.37,3,US,1759405717.0,1759447844.0,,,,,
"[{'id': 800, 'main': 'Clear', 'description': 'clear sky', 'icon': '01n'}]",,10000,1759460400,,,,,Chicago,IL,forecast,,,19.91,19.6,19.91,19.91,1022,63,1022,1001,3.47,139,7.37,3,,,,0.0,2025-10-03 03:00:00,0.0,n,
"[{'id': 800, 'main': 'Clear', 'description': 'clear sky', 'icon': '01n'}]",,10000,1759471200,,,,,Chicago,IL,forecast,,,20.09,19.72,20.09,20.44,1022,60,1022,1001,2.93,174,7.31,7,,,,0.0,2025-10-03 06:00:00,-0.35,n,
"[{'id': 801, 'main': 'Clouds', 'description': 'few clouds', 'icon': '02n'}]",,10000,1759482000,,,,,Chicago,IL,forecast,,,19.16,18.62,18.78,19.16,1022,57,1022,1000,2.45,189,6.18,21,,,,0.0,2025-10-03 09:00:00,0.38,n,
"[{'id': 801, 'main': 'Clouds', 'description': 'few clouds', 'icon': '02d'}]",,10000,1759492800,,,,,Chicago,IL,forecast,,,17.71,17.23,17.71,17.71,1022,65,1022,1001,2.35,214,5.65,11,,,,0.0,2025-10-03 12:00:00,0.0,d,
"[{'id': 800, 'main': 'Clear', 'description': 'clear sky', 'icon': '01d'}]",,10000,1759503600,,,,,Chicago,IL,forecast,,,25.54,25.56,25.54,25.54,1023,54,1023,1002,3.14,220,4.68,0,,,,0.0,2025-10-03 15:00:00,0.0,d,
"[{'id': 800, 'main': 'Clear', 'description': 'clear sky', 'icon': '01d'}]",,10000,1759514400,,,,,Chicago,IL,forecast,,,29.51,29.24,29.51,29.51,1021,41,1021,1000,2.62,214,3.46,0,,,,0.0,2025-10-03 18:00:00,0.0,d,
"[{'id': 801, 'main': 'Clouds', 'description': 'few clouds', 'icon': '02d'}]",,10000,1759525200,,,,,Chicago,IL,forecast,,,29.47,28.9,29.47,29.47,1019,38,1019,998,1.31,195,3.16,13,,,,0.0,2025-10-03 21:00:00,0.0,d,
"[{'id': 801, 'main': 'Clouds', 'description': 'few clouds', 'icon': '02n'}]",,10000,1759536000,,,,,Chicago,IL,forecast,,,25.97,25.97,25.97,25.97,1019,47,1019,998,2.68,128,4.16,11,,,,0.0,2025-10-04 00:00:00,0.0,n,
"[{'id': 802, 'main': 'Clouds', 'description': 'scattered clouds', 'icon': '03n'}]",,10000,1759546800,,,,,Chicago,IL,forecast,,,25.66,25.48,25.66,25.66,1019,46,1019,998,3.79,188,7.87,30,,,,0.0,2025-10-04 03:00:00,0.0,n,
"[{'id': 801, 'main': 'Clouds', 'description': 'few clouds', 'icon': '02n'}]",,10000,1759557600,,,,,Chicago,IL,forecast,,,23.71,23.49,23.71,23.71,1020,52,1020,999,3.27,205,7.5,23,,,,0.0,2025-10-04 06:00:00,0.0,n,
"[{'id': 800, 'main': 'Clear', 'description': 'clear sky', 'icon': '01n'}]",,10000,1759568400,,,,,Chicago,IL,forecast,,,22.58,22.36,22.58,22.58,1020,56,1020,999,2.59,218,6.73,8,,,,0.0,2025-10-04 09:00:00,0.0,n,
"[{'id': 800, 'main': 'Clear', 'description': 'clear sky', 'icon': '01d'}]",,10000,1759579200,,,,,Chicago,IL,forecast,,,21.5,21.3,21.5,21.5,1020,61,1020,999,2.63,208,6.41,5,,,,0.0,2025-10-04 12:00:00,0.0,d,
"[{'id': 800, 'main': 'Clear', 'description': 'clear sky', 'icon': '01d'}]",,10000,1759590000,,,,,Chicago,IL,forecast,,,25.3,25.06,25.3,25.3,1020,45,1020,999,3.92,217,5.82,0,,,,0.0,2025-10-04 15:00:00,0.0,d,
"[{'id': 800, 'main': 'Clear', 'description': 'clear sky', 'icon': '01d'}]",,10000,1759600800,,,,,Chicago,IL,forecast,,,28.58,27.9,28.58,28.58,1019,36,1019,998,4.34,226,5.61,4,,,,0.0,2025-10-04 18:00:00,0.0,d,
"[{'id': 800, 'main': 'Clear', 'description': 'clear sky', 'icon': '01d'}]",,10000,1759611600,,,,,Chicago,IL,forecast,,,28.67,28.12,28.67,28.67,1017,38,1017,996,3.47,167,5.78,8,,,,0.0,2025-10-04 21:00:00,0.0,d,
"[{'id': 801, 'main': 'Clouds', 'description': 'few clouds', 'icon': '02n'}]",,10000,1759622400,,,,,Chicago,IL,forecast,,,26.64,26.64,26.64,26.64,1017,43,1017,996,4.18,167,7.65,12,,,,0.0,2025-10-05 00:00:00,0.0,n,
"[{'id': 803, 'main': 'Clouds', 'description': 'broken clouds', 'icon': '04n'}]",,10000,1759633200,,,,,Chicago,IL,forecast,,,25.91,25.71,25.91,25.91,1018,44,1018,997,4.68,187,8.74,54,,,,0.0,2025-10-05 03:00:00,0.0,n,
"[{'id': 802, 'main': 'Clouds', 'description': 'scattered clouds', 'icon': '03n'}]",,10000,1759644000,,,,,Chicago,IL,forecast,,,23.84,23.45,23.84,23.84,1018,45,1018,997,4.69,213,10.52,36,,,,0.0,2025-10-05 06:00:00,0.0,n,
"[{'id': 800, 'main': 'Clear', 'description': 'clear sky', 'icon': '01n'}]",,10000,1759654800,,,,,Chicago,IL,forecast,,,22.22,21.83,22.22,22.22,1018,51,1018,997,3.67,208,9.22,0,,,,0.0,2025-10-05 09:00:00,0.0,n,
"[{'id': 800, 'main': 'Clear', 'description': 'clear sky', 'icon': '01d'}]",,10000,1759665600,,,,,Chicago,IL,forecast,,,20.91,20.49,20.91,20.91,1019,55,1019,998,3.59,196,9.45,0,,,,0.0,2025-10-05 12:00:00,0.0,d,
"[{'id': 800, 'main': 'Clear', 'description': 'clear sky', 'icon': '01d'}]",,10000,1759676400,,,,,Chicago,IL,forecast,,,23.85,23.49,23.85,23.85,1020,46,1020,999,4.87,195,8.66,0,,,,0.0,2025-10-05 15:00:00,0.0,d,
"[{'id': 800, 'main': 'Clear', 'description': 'clear sky', 'icon': '01d'}]",,10000,1759687200,,,,,Chicago,IL,forecast,,,27.61,26.82,27.61,27.61,1018,30,1018,997,5.75,198,8.04,0,,,,0.0,2025-10-05 18:00:00,0.0,d,
"[{'id': 800, 'main': 'Clear', 'description': 'clear sky', 'icon': '01d'}]",,10000,1759698000,,,,,Chicago,IL,forecast,,,28.46,27.15,28.46,28.46,1016,23,1016,995,5.66,199,7.7,0,,,,0.0,2025-10-05 21:00:00,0.0,d,
"[{'id': 800, 'main': 'Clear', 'description': 'clear sky', 'icon': '01n'}]",,10000,1759708800,,,,,Chicago,IL,forecast,,,26.19,26.19,26.19,26.19,1016,29,1016,996,3.49,197,7.85,0,,,,0.0,2025-10-06 00:00:00,0.0,n,
"[{'id': 800, 'main': 'Clear', 'description': 'clear sky', 'icon': '01n'}]",,10000,1759719600,,,,,Chicago,IL,forecast,,,23.97,23.36,23.97,23.97,1017,36,1017,996,3.86,188,8.99,0,,,,0.0,2025-10-06 03:00:00,0.0,n,
"[{'id': 800, 'main': 'Clear', 'description': 'clear sky', 'icon': '01n'}]",,10000,1759730400,,,,,Chicago,IL,forecast,,,22.94,22.54,22.94,22.94,1017,48,1017,996,5.04,205,12.22,0,,,,0.0,2025-10-06 06:00:00,0.0,n,
"[{'id': 800, 'main': 'Clear', 'description': 'clear sky', 'icon': '01n'}]",,10000,1759741200,,,,,Chicago,IL,forecast,,,22.17,21.77,22.17,22.17,1018,51,1018,997,4.6,213,11.91,0,,,,0.0,2025-10-06 09:00:00,0.0,n,
"[{'id': 800, 'main': 'Clear', 'description': 'clear sky', 'icon': '01d'}]",,10000,1759752000,,,,,Chicago,IL,forecast,,,21.2,20.84,21.2,21.2,1019,56,1019,998,3.98,227,10.91,0,,,,0.0,2025-10-06 12:00:00,0.0,d,
"[{'id': 800, 'main': 'Clear', 'description': 'clear sky', 'icon': '01d'}]",,10000,1759762800,,,,,Chicago,IL,forecast,,,24.13,23.88,24.13,24.13,1020,49,1020,999,3.81,243,5.6,0,,,,0.0,2025-10-06 15:00:00,0.0,d,
"[{'id': 800, 'main': 'Clear', 'description': 'clear sky', 'icon': '01d'}]",,10000,1759773600,,,,,Chicago,IL,forecast,,,27.02,27.09,27.02,27.02,1019,44,1019,998,3.63,200,5.07,6,,,,0.0,2025-10-06 18:00:00,0.0,d,
"[{'id': 803, 'main': 'Clouds', 'description': 'broken clouds', 'icon': '04d'}]",,10000,1759784400,,,,,Chicago,IL,forecast,,,25.92,25.82,25.92,25.92,1017,48,1017,996,0.89,102,3.93,75,,,,0.0,2025-10-06 21:00:00,0.0,d,
"[{'id': 500, 'main': 'Rain', 'description': 'light rain', 'icon': '10n'}]",,10000,1759795200,,,,,Chicago,IL,forecast,,,19.7,19.89,19.7,19.7,1019,83,1019,998,5.68,9,8.23,85,,,,0.67,2025-10-07 00:00:00,0.0,n,0.73
"[{'id': 500, 'main': 'Rain', 'description': 'light rain', 'icon': '10n'}]",,10000,1759806000,,,,,Chicago,IL,forecast,,,18.74,19.07,18.74,18.74,1020,92,1020,999,1.33,38,1.89,85,,,,1.0,2025-10-07 03:00:00,0.0,n,1.76
"[{'id': 501, 'main': 'Rain', 'description': 'moderate rain', 'icon': '10n'}]",,10000,1759816800,,,,,Chicago,IL,forecast,,,18.74,19.1,18.74,18.74,1020,93,1020,999,1.0,343,1.45,93,,,,1.0,2025-10-07 06:00:00,0.0,n,3.15
"[{'id': 500, 'main': 'Rain', 'description': 'light rain', 'icon': '10n'}]",,10000,1759827600,,,,,Chicago,IL,forecast,,,18.6,18.97,18.6,18.6,1019,94,1019,998,1.31,152,1.62,99,,,,1.0,2025-10-07 09:00:00,0.0,n,1.68
"[{'id': 500, 'main': 'Rain', 'description': 'light rain', 'icon': '10d'}]",,10000,1759838400,,,,,Chicago,IL,forecast,,,18.66,19.01,18.66,18.66,1020,93,1020,998,2.5,313,4.55,99,,,,1.0,2025-10-07 12:00:00,0.0,d,0.19
"[{'id': 500, 'main': 'Rain', 'description': 'light rain', 'icon': '10d'}]",,10000,1759849200,,,,,Chicago,IL,forecast,,,17.33,17.34,17.33,17.33,1021,85,1021,1000,3.41,331,4.0,100,,,,1.0,2025-10-07 15:00:00,0.0,d,1.9
"[{'id': 500, 'main': 'Rain', 'description': 'light rain', 'icon': '10d'}]",,10000,1759860000,,,,,Chicago,IL,forecast,,,17.42,17.15,17.42,17.42,1022,74,1022,1000,3.54,337,4.72,100,,,,1.0,2025-10-07 18:00:00,0.0,d,0.16
"[{'id': 804, 'main': 'Clouds', 'description': 'overcast clouds', 'icon': '04d'}]",,10000,1759870800,,,,,Chicago,IL,forecast,,,18.24,17.63,18.24,18.24,1021,58,1021,1000,4.05,17,5.33,100,,,,0.0,2025-10-07 21:00:00,0.0,d,
"[{'id': 804, 'main': 'Clouds', 'description': 'overcast clouds', 'icon': '04n'}]",,10000,1759881600,,,,,Chicago,IL,forecast,,,17.13,16.33,17.13,17.13,1023,55,1023,1002,3.22,33,5.81,99,,,,0.0,2025-10-08 00:00:00,0.0,n,
"[{'id': 800, 'main': 'Clear', 'description': 'clear sky', 'icon': '01n'}]",stations,10000,1759459154,-18000.0,4699066.0,Houston,200.0,Houston,TX,current,-95.3745,29.7563,25.93,26.15,25.93,25.93,1018,60,1018,1015,3.73,121,6.92,0,US,1759407323.0,1759449954.0,,,,,
"[{'id': 800, 'main': 'Clear', 'description': 'clear sky', 'icon': '01n'}]",,10000,1759460400,,,,,Houston,TX,forecast,,,25.93,26.15,25.93,25.93,1018,60,1018,1015,3.73,121,6.92,0,,,,0.0,2025-10-03 03:00:00,0.0,n,
"[{'id': 800, 'main': 'Clear', 'description': 'clear sky', 'icon': '01n'}]",,10000,1759471200,,,,,Houston,TX,forecast,,,25.42,25.56,24.39,25.42,1018,59,1018,1015,2.48,127,4.97,6,,,,0.0,2025-10-03 06:00:00,1.03,n,
"[{'id': 800, 'main': 'Clear', 'description': 'clear sky', 'icon': '01n'}]",,10000,1759482000,,,,,Houston,TX,forecast,,,23.89,23.98,22.87,23.89,1017,63,1017,1015,0.66,97,1.48,7,,,,0.0,2025-10-03 09:00:00,1.02,n,
"[{'id': 800, 'main': 'Clear', 'description': 'clear sky', 'icon': '01n'}]",,10000,1759492800,,,,,Houston,TX,forecast,,,22.73,22.81,22.73,22.73,1018,67,1018,1016,2.24,62,3.84,6,,,,0.0,2025-10-03 12:00:00,0.0,n,
"[{'id': 800, 'main': 'Clear', 'description': 'clear sky', 'icon': '01d'}]",,10000,1759503600,,,,,Houston,TX,forecast,,,27.97,28.88,27.97,27.97,1020,55,1020,1017,3.36,67,4.5,0,,,,0.1,2025-10-03 15:00:00,0.0,d,
"[{'id': 800, 'main': 'Clear', 'description': 'clear sky', 'icon': '01d'}]",,10000,1759514400,,,,,Houston,TX,forecast,,,31.08,30.47,31.08,31.08,1018,36,1018,1016,3.91,68,5.46,0,,,,0.02,2025-10-03 18:00:00,0.0,d,
"[{'id': 801, 'main': 'Clouds', 'description': 'few clouds', 'icon': '02d'}]",,10000,1759525200,,,,,Houston,TX,forecast,,,33.99,33.1,33.99,33.99,1015,29,1015,1013,4.74,80,5.13,21,,,,0.0,2025-10-03 21:00:00,0.0,d,
"[{'id': 802, 'main': 'Clouds', 'description': 'scattered clouds', 'icon': '03d'}]",,10000,1759536000,,,,,Houston,TX,forecast,,,30.94,30.7,30.94,30.94,1015,39,1015,1013,4.41,105,6.14,37,,,,0.0,2025-10-04 00:00:00,0.0,d,
"[{'id': 800, 'main': 'Clear', 'description': 'clear sky', 'icon': '01n'}]",,10000,1759546800,,,,,Houston,TX,forecast,,,28.85,29.58,28.85,28.85,1017,51,1017,1014,2.94,113,6.73,2,,,,0.0,2025-10-04 03:00:00,0.0,n,
"[{'id': 800, 'main': 'Clear', 'description': 'clear sky', 'icon': '01n'}]",,10000,1759557600,,,,,Houston,TX,forecast,,,27.34,28.44,27.34,27.34,1016,59,1016,1014,2.97,103,6.66,5,,,,0.0,2025-10-04 06:00:00,0.0,n,
"[{'id': 800, 'main': 'Clear', 'description': 'clear sky', 'icon': '01n'}]",,10000,1759568400,,,,,Houston,TX,forecast,,,25.7,26.05,25.7,25.7,1015,66,1015,1013,2.97,65,6.0,0,,,,0.0,2025-10-04 09:00:00,0.0,n,
"[{'id': 800, 'main': 'Clear', 'description': 'clear sky', 'icon': '01n'}]",,10000,1759579200,,,,,Houston,TX,forecast,,,24.12,24.39,24.12,24.12,1016,69,1016,1013,3.35,63,7.3,0,,,,0.0,2025-10-04 12:00:00,0.0,n,
"[{'id': 800, 'main': 'Clear', 'description': 'clear sky', 'icon': '01d'}]",,10000,1759590000,,,,,Houston,TX,forecast,,,26.91,28.04,26.91,26.91,1016,61,1016,1014,3.88,71,5.87,0,,,,0.04,2025-10-04 15:00:00,0.0,d,
"[{'id': 800, 'main': 'Clear', 'description': 'clear sky', 'icon': '01d'}]",,10000,1759600800,,,,,Houston,TX,forecast,,,31.51,31.59,31.51,31.51,1014,40,1014,1012,4.84,94,5.76,0,,,,0.0,2025-10-04 18:00:00,0.0,d,
"[{'id': 800, 'main': 'Clear', 'description': 'clear sky', 'icon': '01d'}]",,10000,1759611600,,,,,Houston,TX,forecast,,,32.56,32.37,32.56,32.56,1012,36,1012,1009,5.01,118,5.26,2,,,,0.0,2025-10-04 21:00:00,0.0,d,
"[{'id': 800, 'main': 'Clear', 'description': 'clear sky', 'icon': '01d'}]",,10000,1759622400,,,,,Houston,TX,forecast,,,28.97,29.62,28.97,28.97,1012,50,1012,1010,4.72,132,5.84,5,,,,0.0,2025-10-05 00:00:00,0.0,d,
"[{'id': 800, 'main': 'Clear', 'description': 'clear sky', 'icon': '01n'}]",,10000,1759633200,,,,,Houston,TX,forecast,,,27.23,28.3,27.23,27.23,1013,59,1013,1011,3.7,135,7.7,0,,,,0.0,2025-10-05 03:00:00,0.0,n,
"[{'id': 800, 'main': 'Clear', 'description': 'clear sky', 'icon': '01n'}]",,10000,1759644000,,,,,Houston,TX,forecast,,,26.52,26.52,26.52,26.52,1013,63,1013,1010,3.45,107,7.64,2,,,,0.0,2025-10-05 06:00:00,0.0,n,
"[{'id': 800, 'main': 'Clear', 'description': 'clear sky', 'icon': '01n'}]",,10000,1759654800,,,,,Houston,TX,forecast,,,24.93,25.28,24.93,24.93,1012,69,1012,1010,3.62,82,7.55,0,,,,0.0,2025-10-05 09:00:00,0.0,n,
"[{'id': 800, 'main': 'Clear', 'description': 'clear sky', 'icon': '01n'}]",,10000,1759665600,,,,,Houston,TX,forecast,,,23.26,23.52,23.26,23.26,1013,72,1013,1011,3.3,67,6.3,0,,,,0.0,2025-10-05 12:00:00,0.0,n,
"[{'id': 800, 'main': 'Clear', 'description': 'clear sky', 'icon': '01d'}]",,10000,1759676400,,,,,Houston,TX,forecast,,,26.12,26.12,26.12,26.12,1014,60,1014,1012,3.81,67,5.49,0,,,,0.0,2025-10-05 15:00:00,0.0,d,
"[{'id': 800, 'main': 'Clear', 'description': 'clear sky', 'icon': '01d'}]",,10000,1759687200,,,,,Houston,TX,forecast,,,30.91,31.24,30.91,30.91,1013,43,1013,1010,4.11,85,4.88,0,,,,0.0,2025-10-05 18:00:00,0.0,d,
"[{'id': 800, 'main': 'Clear', 'description': 'clear sky', 'icon': '01d'}]",,10000,1759698000,,,,,Houston,TX,forecast,,,32.86,32.78,32.86,32.86,1010,36,1010,1008,4.44,108,4.15,9,,,,0.0,2025-10-05 21:00:00,0.0,d,
"[{'id': 800, 'main': 'Clear', 'description': 'clear sky', 'icon': '01d'}]",,10000,1759708800,,,,,Houston,TX,forecast,,,29.21,30.2,29.21,29.21,1011,52,1011,1009,4.74,116,6.1,9,,,,0.0,2025-10-06 00:00:00,0.0,d,
"[{'id': 800, 'main': 'Clear', 'description': 'clear sky', 'icon': '01n'}]",,10000,1759719600,,,,,Houston,TX,forecast,,,27.1,28.77,27.1,27.1,1013,67,1013,1010,3.7,118,6.59,0,,,,0.0,2025-10-06 03:00:00,0.0,n,
"[{'id': 800, 'main': 'Clear', 'description': 'clear sky', 'icon': '01n'}]",,10000,1759730400,,,,,Houston,TX,forecast,,,25.94,26.47,25.94,25.94,1013,72,1013,1010,2.79,100,6.04,0,,,,0.0,2025-10-06 06:00:00,0.0,n,
"[{'id': 800, 'main': 'Clear', 'description': 'clear sky', 'icon': '01n'}]",,10000,1759741200,,,,,Houston,TX,forecast,,,24.74,25.33,24.74,24.74,1013,79,1013,1010,2.45,78,4.7,1,,,,0.0,2025-10-06 09:00:00,0.0,n,
"[{'id': 800, 'main': 'Clear', 'description': 'clear sky', 'icon': '01n'}]",,10000,1759752000,,,,,Houston,TX,forecast,,,23.52,24.09,23.52,23.52,1014,83,1014,1011,2.73,58,4.22,2,,,,0.0,2025-10-06 12:00:00,0.0,n,
"[{'id': 800, 'main': 'Clear', 'description': 'clear sky', 'icon': '01d'}]",,10000,1759762800,,,,,Houston,TX,forecast,,,26.32,26.32,26.32,26.32,1015,65,1015,1013,3.19,66,4.2,1,,,,0.0,2025-10-06 15:00:00,0.0,d,
"[{'id': 800, 'main': 'Clear', 'description': 'clear sky', 'icon': '01d'}]",,10000,1759773600,,,,,Houston,TX,forecast,,,31.6,32.23,31.6,31.6,1014,43,1014,1012,2.44,77,2.63,0,,,,0.0,2025-10-06 18:00:00,0.0,d,
"[{'id': 800, 'main': 'Clear', 'description': 'clear sky', 'icon': '01d'}]",,10000,1759784400,,,,,Houston,TX,forecast,,,33.69,33.79,33.69,33.69,1012,35,1012,1009,2.79,120,2.39,9,,,,0.0,2025-10-06 21:00:00,0.0,d,
"[{'id': 801, 'main': 'Clouds', 'description': 'few clouds', 'icon': '02d'}]",,10000,1759795200,,,,,Houston,TX,forecast,,,30.34,31.39,30.34,30.34,1013,49,1013,1010,4.88,136,5.23,16,,,,0.0,2025-10-07 00:00:00,0.0,d,
"[{'id': 801, 'main': 'Clouds', 'description': 'few clouds', 'icon': '02n'}]",,10000,1759806000,,,,,Houston,TX,forecast,,,27.56,29.41,27.56,27.56,1015,66,1015,1012,3.32,151,5.66,11,,,,0.0,2025-10-07 03:00:00,0.0,n,
"[{'id': 802, 'main': 'Clouds', 'description': 'scattered clouds', 'icon': '03n'}]",,10000,1759816800,,,,,Houston,TX,forecast,,,26.75,28.44,26.75,26.75,1015,70,1015,1012,2.26,144,5.08,34,,,,0.0,2025-10-07 06:00:00,0.0,n,
"[{'id': 801, 'main': 'Clouds', 'description': 'few clouds', 'icon': '02n'}]",,10000,1759827600,,,,,Houston,TX,forecast,,,26.02,26.02,26.02,26.02,1015,75,1015,1012,0.52,140,1.11,15,,,,0.0,2025-10-07 09:00:00,0.0,n,
"[{'id': 500, 'main': 'Rain', 'description': 'light rain', 'icon': '10n'}]",,10000,1759838400,,,,,Houston,TX,forecast,,,25.22,25.89,25.22,25.22,1016,80,1016,1013,1.31,55,1.98,19,,,,0.2,2025-10-07 12:00:00,0.0,n,0.17
"[{'id': 801, 'main': 'Clouds', 'description': 'few clouds', 'icon': '02d'}]",,10000,1759849200,,,,,Houston,TX,forecast,,,28.25,30.33,28.25,28.25,1018,64,1018,1015,1.69,69,1.99,12,,,,0.0,2025-10-07 15:00:00,0.0,d,
"[{'id': 800, 'main': 'Clear', 'description': 'clear sky', 'icon': '01d'}]",,10000,1759860000,,,,,Houston,TX,forecast,,,33.22,34.13,33.22,33.22,1016,40,1016,1014,2.3,67,3.0,9,,,,0.0,2025-10-07 18:00:00,0.0,d,
"[{'id': 802, 'main': 'Clouds', 'description': 'scattered clouds', 'icon': '03d'}]",,10000,1759870800,,,,,Houston,TX,forecast,,,34.0,34.25,34.0,34.0,1014,35,1014,1011,2.93,112,2.77,35,,,,0.0,2025-10-07 21:00:00,0.0,d,
"[{'id': 803, 'main': 'Clouds', 'description': 'broken clouds', 'icon': '04n'}]",,10000,1759881600,,,,,Houston,TX,forecast,,,31.44,32.36,31.44,31.44,1014,45,1014,1012,3.73,133,4.29,69,,,,0.0,2025-10-08 00:00:00,0.0,n,
